Title,Image Link
The Shawshank Redemption,https://m.media-amazon.com/images/M/MV5BMDAyY2FhYjctNDc5OS00MDNlLThiMGUtY2UxYWVkNGY2ZjljXkEyXkFqcGc@._V1_.jpg
The Dark Knight,https://m.media-amazon.com/images/M/MV5BMTMxNTMwODM0NF5BMl5BanBnXkFtZTcwODAyMTk2Mw@@._V1_.jpg
Inception,https://m.media-amazon.com/images/M/MV5BMjAxMzY3NjcxNF5BMl5BanBnXkFtZTcwNTI5OTM0Mw@@._V1_.jpg
Fight Club,https://m.media-amazon.com/images/M/MV5BOTgyOGQ1NDItNGU3Ny00MjU3LTg2YWEtNmEyYjBiMjI1Y2M5XkEyXkFqcGc@._V1_.jpg
Forrest Gump,https://m.media-amazon.com/images/M/MV5BZGY1NDllYjgtMzg1NS00YWMwLTkxYzgtM2I1MjU0MmMyNzA2XkEyXkFqcGc@._V1_.jpg
Pulp Fiction,https://m.media-amazon.com/images/M/MV5BYTViYTE3ZGQtNDBlMC00ZTAyLTkyODMtZGRiZDg0MjA2YThkXkEyXkFqcGc@._V1_.jpg
Interstellar,https://m.media-amazon.com/images/M/MV5BYzdjMDAxZGItMjI2My00ODA1LTlkNzItOWFjMDU5ZDJlYWY3XkEyXkFqcGc@._V1_.jpg
The Matrix,https://m.media-amazon.com/images/M/MV5BN2NmN2VhMTQtMDNiOS00NDlhLTliMjgtODE2ZTY0ODQyNDRhXkEyXkFqcGc@._V1_.jpg
The Godfather,https://m.media-amazon.com/images/M/MV5BMGQ1NmJkNjYtOTYyZi00N2M1LTk4MDMtNGEyOGUxNzQxZGQ3XkEyXkFqcGc@._V1_.jpg
The Lord of the Rings: The Fellowship of the Ring,https://m.media-amazon.com/images/M/MV5BMzEwYTg2NTMtMTUzYy00ZjE4LThmMjEtZDUyZWM4NzE5MGE5XkEyXkFqcGc@._V1_.jpg
The Lord of the Rings: The Return of the King,https://m.media-amazon.com/images/M/MV5BMTZkMjBjNWMtZGI5OC00MGU0LTk4ZTItODg2NWM3NTVmNWQ4XkEyXkFqcGc@._V1_.jpg
The Dark Knight Rises,https://m.media-amazon.com/images/M/MV5BMTk4ODQzNDY3Ml5BMl5BanBnXkFtZTcwODA0NTM4Nw@@._V1_.jpg
Se7en,https://m.media-amazon.com/images/M/MV5BY2IzNzMxZjctZjUxZi00YzAxLTk3ZjMtODFjODdhMDU5NDM1XkEyXkFqcGc@._V1_.jpg
The Lord of the Rings: The Two Towers,https://m.media-amazon.com/images/M/MV5BNDFmMTM4YzItY2QyMi00OTc5LTlhZmYtZGJkYWYzMTM2Mjc5XkEyXkFqcGc@._V1_.jpg
Django Unchained,https://m.media-amazon.com/images/M/MV5BMjIyNTQ5NjQ1OV5BMl5BanBnXkFtZTcwODg1MDU4OA@@._V1_.jpg
Gladiator,https://m.media-amazon.com/images/M/MV5BYWQ4YmNjYjEtOWE1Zi00Y2U4LWI4NTAtMTU0MjkxNWQ1ZmJiXkEyXkFqcGc@._V1_.jpg
The Wolf of Wall Street,https://m.media-amazon.com/images/M/MV5BMjIxMjgxNTk0MF5BMl5BanBnXkFtZTgwNjIyOTg2MDE@._V1_.jpg
Inglourious Basterds,https://m.media-amazon.com/images/M/MV5BODZhMWJlNjYtNDExNC00MTIzLTllM2ItOGQ2NGVjNDQ3MzkzXkEyXkFqcGc@._V1_.jpg
Batman Begins,https://m.media-amazon.com/images/M/MV5BODIyMDdhNTgtNDlmOC00MjUxLWE2NDItODA5MTdkNzY3ZTdhXkEyXkFqcGc@._V1_.jpg
The Silence of the Lambs,https://m.media-amazon.com/images/M/MV5BNDdhOGJhYzctYzYwZC00YmI2LWI0MjctYjg4ODdlMDExYjBlXkEyXkFqcGc@._V1_.jpg
Joker,https://m.media-amazon.com/images/M/MV5BNzY3OWQ5NDktNWQ2OC00ZjdlLThkMmItMDhhNDk3NTFiZGU4XkEyXkFqcGc@._V1_.jpg
Saving Private Ryan,https://m.media-amazon.com/images/M/MV5BYWNmODI1N2MtMDU2Mi00OTM1LTk1ZGEtNWNlN2Q4MGQwZGZjXkEyXkFqcGc@._V1_.jpg
Shutter Island,https://m.media-amazon.com/images/M/MV5BMzBjMWRhZjUtNTkwNC00MmRmLTkzMzQtMWIzOTk1YTNjZTM2XkEyXkFqcGc@._V1_.jpg
Schindler's List,https://m.media-amazon.com/images/M/MV5BYmJlMjNkZWQtODgyMi00MjExLWI2MDMtZjk2MTU5YjI1YTljXkEyXkFqcGc@._V1_.jpg
The Avengers,https://m.media-amazon.com/images/M/MV5BNGE0YTVjNzUtNzJjOS00NGNlLTgxMzctZTY4YTE1Y2Y1ZTU4XkEyXkFqcGc@._V1_.jpg
The Prestige,https://m.media-amazon.com/images/M/MV5BMjA4NDI0MTIxNF5BMl5BanBnXkFtZTYwNTM0MzY2._V1_.jpg
Star Wars: Episode IV - A New Hope,https://m.media-amazon.com/images/M/MV5BOGUwMDk0Y2MtNjBlNi00NmRiLTk2MWYtMGMyMDlhYmI4ZDBjXkEyXkFqcGc@._V1_.jpg
The Departed,https://m.media-amazon.com/images/M/MV5BMTI1MTY2OTIxNV5BMl5BanBnXkFtZTYwNjQ4NjY3._V1_.jpg
The Green Mile,https://m.media-amazon.com/images/M/MV5BNTEyY2E4OGItZGE4Yy00OTI1LThmMWMtNDIyMmY3YzU0MGY0XkEyXkFqcGc@._V1_.jpg
Star Wars: Episode V - The Empire Strikes Back,https://m.media-amazon.com/images/M/MV5BMTkxNGFlNDktZmJkNC00MDdhLTg0MTEtZjZiYWI3MGE5NWIwXkEyXkFqcGc@._V1_.jpg
Avatar,https://m.media-amazon.com/images/M/MV5BMDEzMmQwZjctZWU2My00MWNlLWE0NjItMDJlYTRlNGJiZjcyXkEyXkFqcGc@._V1_.jpg
The Godfather Part II,https://m.media-amazon.com/images/M/MV5BNzcwZWUzOWItMjcyYi00OWUwLThmZjUtY2M0ZjhjMzJiNmM4XkEyXkFqcGc@._V1_.jpg
Memento,https://m.media-amazon.com/images/M/MV5BYmYwMjI4MTQtYjllNS00YWNkLWI2YzItY2QxNjlkMDNiY2I2XkEyXkFqcGc@._V1_.jpg
Back to the Future,https://m.media-amazon.com/images/M/MV5BZmM3ZjE0NzctNjBiOC00MDZmLTgzMTUtNGVlOWFlOTNiZDJiXkEyXkFqcGc@._V1_.jpg
Avengers: Endgame,https://m.media-amazon.com/images/M/MV5BMTc5MDE2ODcwNV5BMl5BanBnXkFtZTgwMzI2NzQ2NzM@._V1_.jpg
Titanic,https://m.media-amazon.com/images/M/MV5BYzYyN2FiZmUtYWYzMy00MzViLWJkZTMtOGY1ZjgzNWMwN2YxXkEyXkFqcGc@._V1_.jpg
Goodfellas,https://m.media-amazon.com/images/M/MV5BN2E5NzI2ZGMtY2VjNi00YTRjLWI1MDUtZGY5OWU1MWJjZjRjXkEyXkFqcGc@._V1_.jpg
Guardians of the Galaxy,https://m.media-amazon.com/images/M/MV5BM2ZmNjQ2MzAtNDlhNi00MmQyLWJhZDMtNmJiMjFlOWY4MzcxXkEyXkFqcGc@._V1_.jpg
Léon: The Professional,https://m.media-amazon.com/images/M/MV5BNGRkYTNhOWQtYmI0Ni00MjZhLWJmMzAtMTA2Mjg4NGNiNDU0XkEyXkFqcGc@._V1_.jpg
Avengers: Infinity War,https://m.media-amazon.com/images/M/MV5BMjMxNjY2MDU1OV5BMl5BanBnXkFtZTgwNzY1MTUwNTM@._V1_.jpg
The Truman Show,https://m.media-amazon.com/images/M/MV5BNTlkZGI5N2MtNjM0NS00NzBhLTgyYTMtOWU3MTMyNGZkZGJlXkEyXkFqcGc@._V1_.jpg
Pirates of the Caribbean: The Curse of the Black Pearl,https://m.media-amazon.com/images/M/MV5BNDhlMzEyNzItMTA5Mi00YWRhLThlNTktYTQyMTA0MDIyNDEyXkEyXkFqcGc@._V1_.jpg
WALL·E,https://m.media-amazon.com/images/M/MV5BMjExMTg5OTU0NF5BMl5BanBnXkFtZTcwMjMxMzMzMw@@._V1_.jpg
American Beauty,https://m.media-amazon.com/images/M/MV5BODhmZWJmZTQtYTc2Zi00OGNjLWFmMWItNjllMGMxMDMxNjVlXkEyXkFqcGc@._V1_.jpg
Kill Bill: Vol. 1,https://m.media-amazon.com/images/M/MV5BYzIxM2NiNmItNzQ2Ny00YzRhLWE4ZmItZWFjOWQ2ZTI5YzVhXkEyXkFqcGc@._V1_.jpg
American History X,https://m.media-amazon.com/images/M/MV5BMzhiOTQ0NDItOTg0Zi00OGVmLWE0OGEtMTI4NDM0NWMxZWU4XkEyXkFqcGc@._V1_.jpg
Terminator 2: Judgment Day,https://m.media-amazon.com/images/M/MV5BNGMyMGNkMDUtMjc2Ni00NWFlLTgyODEtZTY2MzBiZTg0OWZiXkEyXkFqcGc@._V1_.jpg
V for Vendetta,https://m.media-amazon.com/images/M/MV5BOTI5ODc3NzExNV5BMl5BanBnXkFtZTcwNzYxNzQzMw@@._V1_.jpg
Deadpool,https://m.media-amazon.com/images/M/MV5BNzY3ZWU5NGQtOTViNC00ZWVmLTliNjAtNzViNzlkZWQ4YzQ4XkEyXkFqcGc@._V1_.jpg
The Lion King,https://m.media-amazon.com/images/M/MV5BZGRiZDZhZjItM2M3ZC00Y2IyLTk3Y2MtMWY5YjliNDFkZTJlXkEyXkFqcGc@._V1_.jpg
The Usual Suspects,https://m.media-amazon.com/images/M/MV5BYWVhOTM5MjgtY2M0MS00M2ZjLTgzOGQtZjA0NDgzMGY5YjkzXkEyXkFqcGc@._V1_.jpg
Up,https://m.media-amazon.com/images/M/MV5BODliYjk5ODktOWYyZC00OWYyLTljNTktODAxNzBhMzNlYzBhXkEyXkFqcGc@._V1_.jpg
Iron Man,https://m.media-amazon.com/images/M/MV5BMTczNTI2ODUwOF5BMl5BanBnXkFtZTcwMTU0NTIzMw@@._V1_.jpg
Star Wars: Episode VI - Return of the Jedi,https://m.media-amazon.com/images/M/MV5BNWEwOTI0MmUtMGNmNy00ODViLTlkZDQtZTg1YmQ3MDgyNTUzXkEyXkFqcGc@._V1_.jpg
The Shining,https://m.media-amazon.com/images/M/MV5BNmM5ZThhY2ItOGRjOS00NzZiLWEwYTItNDgyMjFkOTgxMmRiXkEyXkFqcGc@._V1_.jpg
Mad Max: Fury Road,https://m.media-amazon.com/images/M/MV5BZDRkODJhOTgtOTc1OC00NTgzLTk4NjItNDgxZDY4YjlmNDY2XkEyXkFqcGc@._V1_.jpg
Finding Nemo,https://m.media-amazon.com/images/M/MV5BMTc5NjExNTA5OV5BMl5BanBnXkFtZTYwMTQ0ODY2._V1_.jpg
Catch Me If You Can,https://m.media-amazon.com/images/M/MV5BMTY5MzYzNjc5NV5BMl5BanBnXkFtZTYwNTUyNTc2._V1_.jpg
Reservoir Dogs,https://m.media-amazon.com/images/M/MV5BMmMzYjg4NDctYWY0Mi00OGViLWIzMTMtYWNlZGY5ZDJmYjk3XkEyXkFqcGc@._V1_.jpg
Eternal Sunshine of the Spotless Mind,https://m.media-amazon.com/images/M/MV5BMTYzMjE1MzEwMl5BMl5BanBnXkFtZTcwNDEwOTMyMw@@._V1_.jpg
Braveheart,https://m.media-amazon.com/images/M/MV5BNGMxZDBhNGQtYTZlNi00N2UzLWI4NDEtNmUzNWM2NTdmZDA0XkEyXkFqcGc@._V1_.jpg
Good Will Hunting,https://m.media-amazon.com/images/M/MV5BNDdjZGQ5YzEtNTc2My00Mjc0LWFlMTctYzkwMzZlNzdiZWYzXkEyXkFqcGc@._V1_.jpg
Toy Story,https://m.media-amazon.com/images/M/MV5BZTA3OWVjOWItNjE1NS00NzZiLWE1MjgtZDZhMWI1ZTlkNzYwXkEyXkFqcGc@._V1_.jpg
Gone Girl,https://m.media-amazon.com/images/M/MV5BMTk0MDQ3MzAzOV5BMl5BanBnXkFtZTgwNzU1NzE3MjE@._V1_.jpg
One Flew Over the Cuckoo's Nest,https://m.media-amazon.com/images/M/MV5BNDM5NWY0NGItZWE1Zi00MTA2LTljMGEtNzM1MTRjYTUxODYxXkEyXkFqcGc@._V1_.jpg
No Country for Old Men,https://m.media-amazon.com/images/M/MV5BMjA5Njk3MjM4OV5BMl5BanBnXkFtZTcwMTc5MTE1MQ@@._V1_.jpg
Jurassic Park,https://m.media-amazon.com/images/M/MV5BMjM2MDgxMDg0Nl5BMl5BanBnXkFtZTgwNTM2OTM5NDE@._V1_.jpg
The Sixth Sense,https://m.media-amazon.com/images/M/MV5BMTIyNDhjMTMtODk2ZS00ZGI1LWIyNzAtYTQ0MjNiZjFiNzdjXkEyXkFqcGc@._V1_.jpg
Raiders of the Lost Ark,https://m.media-amazon.com/images/M/MV5BOGNhMjg2ZjgtYzk4Ni00MTViLTg1MmUtYzM2MDZiYjZlMmU3XkEyXkFqcGc@._V1_.jpg
Whiplash,https://m.media-amazon.com/images/M/MV5BMDFjOWFkYzktYzhhMC00NmYyLTkwY2EtYjViMDhmNzg0OGFkXkEyXkFqcGc@._V1_.jpg
The Hunger Games,https://m.media-amazon.com/images/M/MV5BMWI1OGM4YjQtNmIxNi00YmE2LWJkNTAtY2Q0YjU4NTI5NWQyXkEyXkFqcGc@._V1_.jpg
Parasite,https://m.media-amazon.com/images/M/MV5BYjk1Y2U4MjQtY2ZiNS00OWQyLWI3MmYtZWUwNmRjYWRiNWNhXkEyXkFqcGc@._V1_.jpg
"Monsters, Inc.",https://m.media-amazon.com/images/M/MV5BMTY1NTI0ODUyOF5BMl5BanBnXkFtZTgwNTEyNjQ0MDE@._V1_.jpg
A Beautiful Mind,https://m.media-amazon.com/images/M/MV5BOTQyYzBhMmQtNDkwYS00ZjYwLWFiY2UtMTI3MmQ5YjQ4ZGJhXkEyXkFqcGc@._V1_.jpg
Alien,https://m.media-amazon.com/images/M/MV5BN2NhMDk2MmEtZDQzOC00MmY5LThhYzAtMDdjZGFjOGZjMjdjXkEyXkFqcGc@._V1_.jpg
Star Wars: Episode VII - The Force Awakens,https://m.media-amazon.com/images/M/MV5BOTAzODEzNDAzMl5BMl5BanBnXkFtZTgwMDU1MTgzNzE@._V1_.jpg
Harry Potter and the Deathly Hallows: Part 2,https://m.media-amazon.com/images/M/MV5BOTA1Mzc2N2ItZWRiNS00MjQzLTlmZDQtMjU0NmY1YWRkMGQ4XkEyXkFqcGc@._V1_.jpg
Die Hard,https://m.media-amazon.com/images/M/MV5BMGNlYmM1NmQtYWExMS00NmRjLTg5ZmEtMmYyYzJkMzljYWMxXkEyXkFqcGc@._V1_.jpg
The Intouchables,https://m.media-amazon.com/images/M/MV5BOWFmYzhiODMtZjYzOC00MTgyLWFkN2MtM2VlMDgwMzdkNGNkXkEyXkFqcGc@._V1_.jpg
Taxi Driver,https://m.media-amazon.com/images/M/MV5BZDNhMGYwM2UtMTdlZS00MGQ1LWI2YzAtODY5YWI1MjYyNzRmXkEyXkFqcGc@._V1_.jpg
The Martian,https://m.media-amazon.com/images/M/MV5BMTc2MTQ3MDA1Nl5BMl5BanBnXkFtZTgwODA3OTI4NjE@._V1_.jpg
The Terminator,https://m.media-amazon.com/images/M/MV5BZmE0YzIxM2QtMGNlMi00MjRmLWE3MWMtOWQzMGVjMmU0YTFmXkEyXkFqcGc@._V1_.jpg
The Pianist,https://m.media-amazon.com/images/M/MV5BYzliYWM4ZGUtNzg3MC00MmY0LWEwOTgtMmJkNTFkMDQyNzdjXkEyXkFqcGc@._V1_.jpg
Scarface,https://m.media-amazon.com/images/M/MV5BNDUzYjY0NmUtMDM4OS00Y2Q5LWJiODYtNTk0ZTk0YjZhMTg1XkEyXkFqcGc@._V1_.jpg
Avengers: Age of Ultron,https://m.media-amazon.com/images/M/MV5BOTdiMjI4ZGEtZWU0OC00N2RiLTkwNDgtMGU4Y2IxNmIwZjU1XkEyXkFqcGc@._V1_.jpg
Snatch,https://m.media-amazon.com/images/M/MV5BYzk5NjJkMTQtN2IyNC00YWM5LTlhZmMtNGI3MWNhMTU1YTc4XkEyXkFqcGc@._V1_.jpg
Dune: Part One,https://m.media-amazon.com/images/M/MV5BNWIyNmU5MGYtZDZmNi00ZjAwLWJlYjgtZTc0ZGIxMDE4ZGYwXkEyXkFqcGc@._V1_.jpg
Spider-Man: No Way Home,https://m.media-amazon.com/images/M/MV5BMmFiZGZjMmEtMTA0Ni00MzA2LTljMTYtZGI2MGJmZWYzZTQ2XkEyXkFqcGc@._V1_.jpg
Requiem for a Dream,https://m.media-amazon.com/images/M/MV5BYzU4MzAzZTMtMDAwZC00YjFmLWI3MTYtMTc2NTllNTM3MGE4XkEyXkFqcGc@._V1_.jpg
Thor,https://m.media-amazon.com/images/M/MV5BYWZiODU0MTYtZjA5MC00NmQ5LTljZjktYTMzNmQwNGIxN2U1XkEyXkFqcGc@._V1_.jpg
Captain America: The Winter Soldier,https://m.media-amazon.com/images/M/MV5BNWY1NjFmNDItZDhmOC00NjI1LWE0ZDItMTM0MjBjZThiOTQ2XkEyXkFqcGc@._V1_.jpg
Iron Man 3,https://m.media-amazon.com/images/M/MV5BMjIzMzAzMjQyM15BMl5BanBnXkFtZTcwNzM2NjcyOQ@@._V1_.jpg
Captain America: The First Avenger,https://m.media-amazon.com/images/M/MV5BYjEwNmEwOGItNzY3ZS00ZThhLTk4ZWQtZWY3M2E3ZjU3ODY0XkEyXkFqcGc@._V1_.jpg
Toy Story 3,https://m.media-amazon.com/images/M/MV5BMTgxOTY4Mjc0MF5BMl5BanBnXkFtZTcwNTA4MDQyMw@@._V1_.jpg
The Grand Budapest Hotel,https://m.media-amazon.com/images/M/MV5BMzM5NjUxOTEyMl5BMl5BanBnXkFtZTgwNjEyMDM0MDE@._V1_.jpg
Spider-Man,https://m.media-amazon.com/images/M/MV5BZWM0OWVmNTEtNWVkOS00MzgyLTkyMzgtMmE2ZTZiNjY4MmFiXkEyXkFqcGc@._V1_.jpg
12 Angry Men,https://m.media-amazon.com/images/M/MV5BYjE4NzdmOTYtYjc5Yi00YzBiLWEzNDEtNTgxZGQ2MWVkN2NiXkEyXkFqcGc@._V1_.jpg
A Clockwork Orange,https://m.media-amazon.com/images/M/MV5BMTY3MjM1Mzc4N15BMl5BanBnXkFtZTgwODM0NzAxMDE@._V1_.jpg
The Revenant,https://m.media-amazon.com/images/M/MV5BYTgwNmQzZDctMjNmOS00OTExLTkwM2UtNzJmOTJhODFjOTdlXkEyXkFqcGc@._V1_.jpg
The Hobbit: An Unexpected Journey,https://m.media-amazon.com/images/M/MV5BMTcwNTE4MTUxMl5BMl5BanBnXkFtZTcwMDIyODM4OA@@._V1_.jpg
Harry Potter and the Sorcerer's Stone,https://m.media-amazon.com/images/M/MV5BNTU1MzgyMDMtMzBlZS00YzczLThmYWEtMjU3YmFlOWEyMjE1XkEyXkFqcGc@._V1_.jpg
Spirited Away,https://m.media-amazon.com/images/M/MV5BNTEyNmEwOWUtYzkyOC00ZTQ4LTllZmUtMjk0Y2YwOGUzYjRiXkEyXkFqcGc@._V1_.jpg
Iron Man 2,https://m.media-amazon.com/images/M/MV5BMGY0NDAwMDItMTUxZC00OTI5LTlmYzktNGZmNTJiNjQ0MGVkXkEyXkFqcGc@._V1_.jpg
Slumdog Millionaire,https://m.media-amazon.com/images/M/MV5BY2ZlMjIwN2QtOWUxZC00M2U2LWJiODEtZmY1ODdiYWZjZjNmXkEyXkFqcGc@._V1_.jpg
Once Upon a Time... in Hollywood,https://m.media-amazon.com/images/M/MV5BMzMzNmViNjYtN2ViNi00NDM3LWFlMmItNDYyMGIzY2EzZjE2XkEyXkFqcGc@._V1_.jpg
300,https://m.media-amazon.com/images/M/MV5BMjc4OTc0ODgwNV5BMl5BanBnXkFtZTcwNjM1ODE0MQ@@._V1_.jpg
Star Wars: Episode I - The Phantom Menace,https://m.media-amazon.com/images/M/MV5BODVhNGIxOGItYWNlMi00YTA0LWI3NTctZmQxZGUwZDEyZWI4XkEyXkFqcGc@._V1_.jpg
The Big Lebowski,https://m.media-amazon.com/images/M/MV5BMGY2MDYxNDUtYTY4ZS00NTI4LTk4ZGItYTc0NzhjOWQ5OWE0XkEyXkFqcGc@._V1_.jpg
Captain America: Civil War,https://m.media-amazon.com/images/M/MV5BMjQ0MTgyNjAxMV5BMl5BanBnXkFtZTgwNjUzMDkyODE@._V1_.jpg
Logan,https://m.media-amazon.com/images/M/MV5BM2JjODdkMGMtNmY2YS00OGM2LThiY2YtZGYyNzE4Nzc2ODA0XkEyXkFqcGc@._V1_.jpg
Gravity,https://m.media-amazon.com/images/M/MV5BNjE5MzYwMzYxMF5BMl5BanBnXkFtZTcwOTk4MTk0OQ@@._V1_.jpg
The Hangover,https://m.media-amazon.com/images/M/MV5BYmIyODg0N2EtYjg5NC00NjdlLWFkZTgtMmE0NzI4ZGM5ODk1XkEyXkFqcGc@._V1_.jpg
Donnie Darko,https://m.media-amazon.com/images/M/MV5BYmJhMTU2ZWEtYjY5OS00Y2EyLTk1OTMtMTcxMDczMjg2MzA3XkEyXkFqcGc@._V1_.jpg
Star Wars: Episode III - Revenge of the Sith,https://m.media-amazon.com/images/M/MV5BNTc4MTc3NTQ5OF5BMl5BanBnXkFtZTcwOTg0NjI4NA@@._V1_.jpg
Ratatouille,https://m.media-amazon.com/images/M/MV5BMTg1NzUzMzQ0N15BMl5BanBnXkFtZTcwNjU4MzMzMw@@._V1_.jpg
Black Panther,https://m.media-amazon.com/images/M/MV5BMTg1MTY2MjYzNV5BMl5BanBnXkFtZTgwMTc4NTMwNDI@._V1_.jpg
The Batman,https://m.media-amazon.com/images/M/MV5BMmU5NGJlMzAtMGNmOC00YjJjLTgyMzUtNjAyYmE4Njg5YWMyXkEyXkFqcGc@._V1_.jpg
Prisoners,https://m.media-amazon.com/images/M/MV5BMTg0NTIzMjQ1NV5BMl5BanBnXkFtZTcwNDc3MzM5OQ@@._V1_.jpg
Inside Out,https://m.media-amazon.com/images/M/MV5BOTgxMDQwMDk0OF5BMl5BanBnXkFtZTgwNjU5OTg2NDE@._V1_.jpg
Black Swan,https://m.media-amazon.com/images/M/MV5BNzY2NzI4OTE5MF5BMl5BanBnXkFtZTcwMjMyNDY4Mw@@._V1_.jpg
The Imitation Game,https://m.media-amazon.com/images/M/MV5BNjI3NjY1Mjg3MV5BMl5BanBnXkFtZTgwMzk5MDQ3MjE@._V1_.jpg
Blade Runner,https://m.media-amazon.com/images/M/MV5BOWQ4YTBmNTQtMDYxMC00NGFjLTkwOGQtNzdhNmY1Nzc1MzUxXkEyXkFqcGc@._V1_.jpg
Oppenheimer,https://m.media-amazon.com/images/M/MV5BN2JkMDc5MGQtZjg3YS00NmFiLWIyZmQtZTJmNTM5MjVmYTQ4XkEyXkFqcGc@._V1_.jpg
Thor: Ragnarok,https://m.media-amazon.com/images/M/MV5BMjMyNDkzMzI1OF5BMl5BanBnXkFtZTgwODcxODg5MjI@._V1_.jpg
The Incredibles,https://m.media-amazon.com/images/M/MV5BMTY5OTU0OTc2NV5BMl5BanBnXkFtZTcwMzU4MDcyMQ@@._V1_.jpg
"The Good, the Bad and the Ugly",https://m.media-amazon.com/images/M/MV5BMWM5ZjQxM2YtNDlmYi00ZDNhLWI4MWUtN2VkYjBlMTY1ZTkwXkEyXkFqcGc@._V1_.jpg
I Am Legend,https://m.media-amazon.com/images/M/MV5BMGE1OWZkZmItNmVhMC00YzAxLTgxOTctNjg3NWExM2RmOWJkXkEyXkFqcGc@._V1_.jpg
Doctor Strange,https://m.media-amazon.com/images/M/MV5BNjgwNzAzNjk1Nl5BMl5BanBnXkFtZTgwMzQ2NjI1OTE@._V1_.jpg
Gran Torino,https://m.media-amazon.com/images/M/MV5BMTc5NTk2OTU1Nl5BMl5BanBnXkFtZTcwMDc3NjAwMg@@._V1_.jpg
Indiana Jones and the Last Crusade,https://m.media-amazon.com/images/M/MV5BNGIxNzQ0YzYtMjNmYi00YjBlLWFjNzEtNGE3ZGFmYTczM2MwXkEyXkFqcGc@._V1_.jpg
How to Train Your Dragon,https://m.media-amazon.com/images/M/MV5BMjA5NDQyMjc2NF5BMl5BanBnXkFtZTcwMjg5ODcyMw@@._V1_.jpg
Kill Bill: Vol. 2,https://m.media-amazon.com/images/M/MV5BOTgyY2QxNTEtYTY5ZC00Y2U4LWJhNzktYTRhZjMyZmMzMTM0XkEyXkFqcGc@._V1_.jpg
Man of Steel,https://m.media-amazon.com/images/M/MV5BMTk5ODk1NDkxMF5BMl5BanBnXkFtZTcwNTA5OTY0OQ@@._V1_.jpg
City of God,https://m.media-amazon.com/images/M/MV5BYWJhZjVmN2QtMzdmMi00ZThjLThkODEtOTkwNGI4ZmNkOWVkXkEyXkFqcGc@._V1_.jpg
Full Metal Jacket,https://m.media-amazon.com/images/M/MV5BYWUzNzZkNzUtNDdiYy00Nzk5LTgxMmItNTk0MjRjNjdjNDA0XkEyXkFqcGc@._V1_.jpg
Amélie,https://m.media-amazon.com/images/M/MV5BZDk4ZDk0NGMtNDgzNy00NWM5LThkMzgtZTEwYTc3YmFjYmI5XkEyXkFqcGc@._V1_.jpg
Knives Out,https://m.media-amazon.com/images/M/MV5BZDU5ZTRkYmItZjg0Mi00ZTQwLThjMWItNWM3MTMxMzVjZmVjXkEyXkFqcGc@._V1_.jpg
Sin City,https://m.media-amazon.com/images/M/MV5BNWE2YmYyYzQtNGMwMi00Yzk0LTk3ZTYtYTcxNmFjMDE1MGExXkEyXkFqcGc@._V1_.jpg
Arrival,https://m.media-amazon.com/images/M/MV5BMTExMzU0ODcxNDheQTJeQWpwZ15BbWU4MDE1OTI4MzAy._V1_.jpg
Aliens,https://m.media-amazon.com/images/M/MV5BZjIyNGJhYzYtN2I1My00OTVhLWEyMzItZTVjNDMzOTVkYWViXkEyXkFqcGc@._V1_.jpg
Pirates of the Caribbean: Dead Man's Chest,https://m.media-amazon.com/images/M/MV5BMTcwODc1MTMxM15BMl5BanBnXkFtZTYwMDg1NzY3._V1_.jpg
Guardians of the Galaxy Vol. 2,https://m.media-amazon.com/images/M/MV5BNWE5MGI3MDctMmU5Ni00YzI2LWEzMTQtZGIyZDA5MzQzNDBhXkEyXkFqcGc@._V1_.jpg
The Social Network,https://m.media-amazon.com/images/M/MV5BM2JlMGNmYjktNTYxMi00M2I0LThjMWQtYzU1MjcyYmFlN2U1XkEyXkFqcGc@._V1_.jpg
Star Wars: Episode II - Attack of the Clones,https://m.media-amazon.com/images/M/MV5BNTgxMjY2YzUtZmVmNC00YjAwLWJlODMtNDBhNzllNzIzMjgxXkEyXkFqcGc@._V1_.jpg
John Wick,https://m.media-amazon.com/images/M/MV5BMTU2NjA1ODgzMF5BMl5BanBnXkFtZTgwMTM2MTI4MjE@._V1_.jpg
Life Is Beautiful,https://m.media-amazon.com/images/M/MV5BYmZhNTZmMTEtMjQ4OC00MmRkLTkzYjItNmVjZWFjNjdlYjNkXkEyXkFqcGc@._V1_.jpg
Batman v Superman: Dawn of Justice,https://m.media-amazon.com/images/M/MV5BZTJkYjdmYjYtOGMyNC00ZGU1LThkY2ItYTc1OTVlMmE2YWY1XkEyXkFqcGc@._V1_.jpg
X-Men: Days of Future Past,https://m.media-amazon.com/images/M/MV5BNzNiYWE4NjMtMTU4OS00NmM4LWE4ZjAtYmE5OTA5NjkzODExXkEyXkFqcGc@._V1_.jpg
Dunkirk,https://m.media-amazon.com/images/M/MV5BZWU5ZjJkNTQtMzQwOS00ZGE4LWJkMWUtMGQ5YjdiM2FhYmRhXkEyXkFqcGc@._V1_.jpg
Edge of Tomorrow,https://m.media-amazon.com/images/M/MV5BMTc5OTk4MTM3M15BMl5BanBnXkFtZTgwODcxNjg3MDE@._V1_.jpg
American Psycho,https://m.media-amazon.com/images/M/MV5BNzg0ZDBmZDAtZjIyNC00MDE2LWIzY2YtNTkxMjIzNGZmNjIyXkEyXkFqcGc@._V1_.jpg
Shrek,https://m.media-amazon.com/images/M/MV5BZGI4NGMzN2UtYTY1Zi00NzVmLWFkMGMtZTgyMTM3ZjAyZDgyXkEyXkFqcGc@._V1_.jpg
12 Years a Slave,https://m.media-amazon.com/images/M/MV5BMjExMTEzODkyN15BMl5BanBnXkFtZTcwNTU4NTc4OQ@@._V1_.jpg
Silver Linings Playbook,https://m.media-amazon.com/images/M/MV5BMTM2MTI5NzA3MF5BMl5BanBnXkFtZTcwODExNTc0OA@@._V1_.jpg
Top Gun: Maverick,https://m.media-amazon.com/images/M/MV5BMDBkZDNjMWEtOTdmMi00NmExLTg5MmMtNTFlYTJlNWY5YTdmXkEyXkFqcGc@._V1_.jpg
Fargo,https://m.media-amazon.com/images/M/MV5BYjkwMGMyNjUtNzBhMS00ZDU0LTkxYmEtMWI1Y2QwMGUzZGIxXkEyXkFqcGc@._V1_.jpg
Skyfall,https://m.media-amazon.com/images/M/MV5BNjAzMWNkODUtM2FlMi00NzgyLWJhMGUtMWEyNDYyZGFiN2RlXkEyXkFqcGc@._V1_.jpg
Spider-Man: Homecoming,https://m.media-amazon.com/images/M/MV5BODY2MTAzOTQ4M15BMl5BanBnXkFtZTgwNzg5MTE0MjI@._V1_.jpg
Get Out,https://m.media-amazon.com/images/M/MV5BMTkxMDA0NzIyMV5BMl5BanBnXkFtZTgwMDgwMzc0MTI@._V1_.jpg
World War Z,https://m.media-amazon.com/images/M/MV5BY2U5OWQyN2UtNWU2OC00ZmU2LTk1OTMtMDg3OTNmZDZhYTBjXkEyXkFqcGc@._V1_.jpg
Heat,https://m.media-amazon.com/images/M/MV5BMTkxYjU1OTMtYWViZC00ZjAzLWI3MDktZGQ2N2VmMjVjNDRlXkEyXkFqcGc@._V1_.jpg
2001: A Space Odyssey,https://m.media-amazon.com/images/M/MV5BNjU0NDFkMTQtZWY5OS00MmZhLTg3Y2QtZmJhMzMzMWYyYjc2XkEyXkFqcGc@._V1_.jpg
Psycho,https://m.media-amazon.com/images/M/MV5BYjZhMzFiZjItODA3ZC00MmRhLWIzMGYtMmVjOWUwYTA3MTRjXkEyXkFqcGc@._V1_.jpg
Thor: The Dark World,https://m.media-amazon.com/images/M/MV5BMTQyNzAwOTUxOF5BMl5BanBnXkFtZTcwMTE0OTc5OQ@@._V1_.jpg
Trainspotting,https://m.media-amazon.com/images/M/MV5BYmVkNGJkMzQtYWQwOS00OTZmLThjODQtZjNjNzllYzRiNTE0XkEyXkFqcGc@._V1_.jpg
Kingsman: The Secret Service,https://m.media-amazon.com/images/M/MV5BODk1MTYwNTAtYmI5Zi00OWYyLWE0MzQtOWE4NDIxZmU2MjMwXkEyXkFqcGc@._V1_.jpg
Ant-Man,https://m.media-amazon.com/images/M/MV5BMjM2NTQ5Mzc2M15BMl5BanBnXkFtZTgwNTcxMDI2NTE@._V1_.jpg
X-Men: First Class,https://m.media-amazon.com/images/M/MV5BMTg5OTMxNzk4Nl5BMl5BanBnXkFtZTcwOTk1MjAwNQ@@._V1_.jpg
The Hunger Games: Catching Fire,https://m.media-amazon.com/images/M/MV5BMTAyMjQ3OTAxMzNeQTJeQWpwZ15BbWU4MDU0NzA1MzAx._V1_.jpg
Million Dollar Baby,https://m.media-amazon.com/images/M/MV5BMTkxNzA1NDQxOV5BMl5BanBnXkFtZTcwNTkyMTIzMw@@._V1_.jpg
Suicide Squad,https://m.media-amazon.com/images/M/MV5BMjM1OTMxNzUyM15BMl5BanBnXkFtZTgwNjYzMTIzOTE@._V1_.jpg
Spider-Man 2,https://m.media-amazon.com/images/M/MV5BNGQ0YTQyYTgtNWI2YS00NTE2LWJmNDItNTFlMTUwNmFlZTM0XkEyXkFqcGc@._V1_.jpg
Apocalypse Now,https://m.media-amazon.com/images/M/MV5BZDhiMTljYjYtODc1Yy00MmEwLTg2OTYtYmE1YTRmNDE4MmEwXkEyXkFqcGc@._V1_.jpg
District 9,https://m.media-amazon.com/images/M/MV5BMTM4OTI1OTM5NF5BMl5BanBnXkFtZTcwMzk5MTU1Mg@@._V1_.jpg
Now You See Me,https://m.media-amazon.com/images/M/MV5BMTY0NDY3MDMxN15BMl5BanBnXkFtZTcwOTM5NzMzOQ@@._V1_.jpg
Drive,https://m.media-amazon.com/images/M/MV5BYTFmNTFlOTAtNzEyNi00MWU2LTg3MGEtYjA2NWY3MDliNjlkXkEyXkFqcGc@._V1_.jpg
The Hobbit: The Desolation of Smaug,https://m.media-amazon.com/images/M/MV5BMzU0NDY0NDEzNV5BMl5BanBnXkFtZTgwOTIxNDU1MDE@._V1_.jpg
The Amazing Spider-Man,https://m.media-amazon.com/images/M/MV5BMjMyOTM4MDMxNV5BMl5BanBnXkFtZTcwNjIyNzExOA@@._V1_.jpg
Harry Potter and the Chamber of Secrets,https://m.media-amazon.com/images/M/MV5BNGJhM2M2MWYtZjIzMC00MDZmLThkY2EtOWViMDhhYjRhMzk4XkEyXkFqcGc@._V1_.jpg
Harry Potter and the Prisoner of Azkaban,https://m.media-amazon.com/images/M/MV5BMTY4NTIwODg0N15BMl5BanBnXkFtZTcwOTc0MjEzMw@@._V1_.jpg
Pan's Labyrinth,https://m.media-amazon.com/images/M/MV5BOTc1NTAxMWItMWFlNy00MmU2LTkwMTMtNzMwOTg5OTQ5YTFiXkEyXkFqcGc@._V1_.jpg
The King's Speech,https://m.media-amazon.com/images/M/MV5BMzU5MjEwMTg2Nl5BMl5BanBnXkFtZTcwNzM3MTYxNA@@._V1_.jpg
The Curious Case of Benjamin Button,https://m.media-amazon.com/images/M/MV5BYjIyNDExOWItM2Y4ZC00NmY3LWFlN2ItYTJlZDQ1NTJlZTUwXkEyXkFqcGc@._V1_.jpg
Wonder Woman,https://m.media-amazon.com/images/M/MV5BMjEzYmZkNjktODBmYi00NzNkLWIzMjItMjhkMWZiZTZlN2MwXkEyXkFqcGc@._V1_.jpg
Spider-Man: Into the Spider-Verse,https://m.media-amazon.com/images/M/MV5BOTNlZDY2NzktNDQwMS00ZWE4LWE3MmMtNGUzZTJhMmQ0NGI1XkEyXkFqcGc@._V1_.jpg
1917,https://m.media-amazon.com/images/M/MV5BZWUwMTlhM2QtNDJkNC00NGEzLWI3ZTMtNWY0ZmEwZWU3ZDEwXkEyXkFqcGc@._V1_.jpg
Pirates of the Caribbean: At World's End,https://m.media-amazon.com/images/M/MV5BMjIyNjkxNzEyMl5BMl5BanBnXkFtZTYwMjc3MDE3._V1_.jpg
Casino Royale,https://m.media-amazon.com/images/M/MV5BMTM5MjI4NDExNF5BMl5BanBnXkFtZTcwMDM1MjMzMQ@@._V1_.jpg
Harry Potter and the Goblet of Fire,https://m.media-amazon.com/images/M/MV5BMTI1NDMyMjExOF5BMl5BanBnXkFtZTcwOTc4MjQzMQ@@._V1_.jpg
Groundhog Day,https://m.media-amazon.com/images/M/MV5BOWE3MjQ3ZDAtNDQ2MC00YjBjLTk0ZWYtNjQ0YzQ4YWE3YTEyXkEyXkFqcGc@._V1_.jpg
Rogue One: A Star Wars Story,https://m.media-amazon.com/images/M/MV5BMjEwMzMxODIzOV5BMl5BanBnXkFtZTgwNzg3OTAzMDI@._V1_.jpg
La La Land,https://m.media-amazon.com/images/M/MV5BMzUzNDM2NzM2MV5BMl5BanBnXkFtZTgwNTM3NTg4OTE@._V1_.jpg
Deadpool 2,https://m.media-amazon.com/images/M/MV5BNGY3N2ZhYmMtYTlmYi00ZWIzLWJiZWMtMjgxMjljYTk3MDAwXkEyXkFqcGc@._V1_.jpg
Blade Runner 2049,https://m.media-amazon.com/images/M/MV5BNzA1Njg4NzYxOV5BMl5BanBnXkFtZTgwODk5NjU3MzI@._V1_.jpg
Jurassic World,https://m.media-amazon.com/images/M/MV5BNzBhNzlkM2UtZTQyOC00NjUyLTkzMmMtNDQ1YTM5N2NmMGE5XkEyXkFqcGc@._V1_.jpg
Her,https://m.media-amazon.com/images/M/MV5BMjA1Nzk0OTM2OF5BMl5BanBnXkFtZTgwNjU2NjEwMDE@._V1_.jpg
Transformers,https://m.media-amazon.com/images/M/MV5BNjYwZTRiNWUtNDc2My00MTRkLTlhMTQtYTc1NzUzNmYwMWU0XkEyXkFqcGc@._V1_.jpg
Home Alone,https://m.media-amazon.com/images/M/MV5BODRjNzMzYmEtODcwMy00N2U1LWEyMjItYTBiYWNlZDg5Zjg0XkEyXkFqcGc@._V1_.jpg
Star Wars: Episode VIII - The Last Jedi,https://m.media-amazon.com/images/M/MV5BMjQ1MzcxNjg4N15BMl5BanBnXkFtZTgwNzgwMjY4MzI@._V1_.jpg
Sherlock Holmes,https://m.media-amazon.com/images/M/MV5BMTg0NjEwNjUxM15BMl5BanBnXkFtZTcwMzk0MjQ5Mg@@._V1_.jpg
Jaws,https://m.media-amazon.com/images/M/MV5BYjViNDQzNmUtYzkxZi00NTk5LTljMmItYjJlZmZkODIxNjU1XkEyXkFqcGc@._V1_.jpg
The Hateful Eight,https://m.media-amazon.com/images/M/MV5BMjA1MTc1NTg5NV5BMl5BanBnXkFtZTgwOTM2MDEzNzE@._V1_.jpg
Frozen,https://m.media-amazon.com/images/M/MV5BMTQ1MjQwMTE5OF5BMl5BanBnXkFtZTgwNjk3MTcyMDE@._V1_.jpg
Life of Pi,https://m.media-amazon.com/images/M/MV5BNTg2OTY2ODg5OF5BMl5BanBnXkFtZTcwODM5MTYxOA@@._V1_.jpg
Birdman or (The Unexpected Virtue of Ignorance),https://m.media-amazon.com/images/M/MV5BODAzNDMxMzAxOV5BMl5BanBnXkFtZTgwMDMxMjA4MjE@._V1_.jpg
Ted,https://m.media-amazon.com/images/M/MV5BMTQ1OTU0ODcxMV5BMl5BanBnXkFtZTcwOTMxNTUwOA@@._V1_.jpg
Into the Wild,https://m.media-amazon.com/images/M/MV5BZGIwMTgxMTEtZjY4Zi00YzkxLTgyMjUtZjc2ZjhhZTdlOWU1XkEyXkFqcGc@._V1_.jpg
Prometheus,https://m.media-amazon.com/images/M/MV5BMTY3NzIyNTA2NV5BMl5BanBnXkFtZTcwNzE2NjI4Nw@@._V1_.jpg
The Bourne Ultimatum,https://m.media-amazon.com/images/M/MV5BZjNiMzVkMjUtMGVhNC00YzAzLTg4MjktOGZlZmEyNGY0ZDVmXkEyXkFqcGc@._V1_.jpg
X-Men,https://m.media-amazon.com/images/M/MV5BNzNjZjQwOTAtNWQ3NC00MmJlLThlZDEtZmUyMWQ3NmE4Y2Y5XkEyXkFqcGc@._V1_.jpg
Oldboy,https://m.media-amazon.com/images/M/MV5BMjk1NGQyYTEtNjhhMy00NGI3LTliMWYtYWU1OGRmYTEyNjVlXkEyXkFqcGc@._V1_.jpg
There Will Be Blood,https://m.media-amazon.com/images/M/MV5BMjAxODQ4MDU5NV5BMl5BanBnXkFtZTcwMDU4MjU1MQ@@._V1_.jpg
12 Monkeys,https://m.media-amazon.com/images/M/MV5BMDQwNDY0M2MtOGFmNy00ZjI5LTkzN2ItMzg5M2IwZTZjY2MyXkEyXkFqcGc@._V1_.jpg
Spider-Man 3,https://m.media-amazon.com/images/M/MV5BODE2NzNhMDctYjUzMC00Y2M5LWI2Y2EtODJkZTFjN2Y5ODlmXkEyXkFqcGc@._V1_.jpg
Cast Away,https://m.media-amazon.com/images/M/MV5BZmFjZGQ5YTgtNTA0NS00NzgzLWI1MzMtMDcwYTg5N2JlY2VlXkEyXkFqcGc@._V1_.jpg
Harry Potter and the Order of the Phoenix,https://m.media-amazon.com/images/M/MV5BYWJmM2M1YzItMjY1Ni00YzRmLTg5YWYtNDFmNTJjNzQ0ODkyXkEyXkFqcGc@._V1_.jpg
Superbad,https://m.media-amazon.com/images/M/MV5BNmMzNzlhYTEtZWU0NS00ZWIzLWIxYjUtYmQzOTdjNGZiMmI1XkEyXkFqcGc@._V1_.jpg
Rocky,https://m.media-amazon.com/images/M/MV5BZDEyY2M2MGMtYjg5OC00ZWFjLWFkZDQtNmQzZTdiYmYzZTBkXkEyXkFqcGc@._V1_.jpg
Taken,https://m.media-amazon.com/images/M/MV5BYjM0MzU4NTMtMGEwYy00ODA5LThhZDQtNDJjMzM2ZmEwOTVhXkEyXkFqcGc@._V1_.jpg
Argo,https://m.media-amazon.com/images/M/MV5BM2QyMGUyZTEtMjE4Yi00M2RiLTgwN2QtZDMxZDNiMTFkMTFjXkEyXkFqcGc@._V1_.jpg
The Matrix Reloaded,https://m.media-amazon.com/images/M/MV5BNjAxYjkxNjktYTU0YS00NjFhLWIyMDEtMzEzMTJjMzRkMzQ1XkEyXkFqcGc@._V1_.jpg
The Notebook,https://m.media-amazon.com/images/M/MV5BZjE0ZjgzMzYtMTAxYi00NGMzLThmZDktNzFlMzA2MWRmYWQ0XkEyXkFqcGc@._V1_.jpg
Baby Driver,https://m.media-amazon.com/images/M/MV5BMjM3MjQ1MzkxNl5BMl5BanBnXkFtZTgwODk1ODgyMjI@._V1_.jpg
Zombieland,https://m.media-amazon.com/images/M/MV5BMTU5MDg0NTQ1N15BMl5BanBnXkFtZTcwMjA4Mjg3Mg@@._V1_.jpg
Ocean's Eleven,https://m.media-amazon.com/images/M/MV5BZTVlMTMxOTEtNGM2My00MjZmLWIyMDctNjBjYzM1OTljMmIzXkEyXkFqcGc@._V1_.jpg
Toy Story 2,https://m.media-amazon.com/images/M/MV5BNzVmODlhMDEtY2YxZi00OTVjLTlkNTktN2Q2OTRlM2I4M2FhXkEyXkFqcGc@._V1_.jpg
L.A. Confidential,https://m.media-amazon.com/images/M/MV5BMjY2NjQxYjktYzc0MC00MmIxLTg2ZTctZmU1MjhiZDk2MTg5XkEyXkFqcGc@._V1_.jpg
It,https://m.media-amazon.com/images/M/MV5BZGZmOTZjNzUtOTE4OS00OGM3LWJiNGEtZjk4Yzg2M2Q1YzYxXkEyXkFqcGc@._V1_.jpg
Coco,https://m.media-amazon.com/images/M/MV5BMDIyM2E2NTAtMzlhNy00ZGUxLWI1NjgtZDY5MzhiMDc5NGU3XkEyXkFqcGc@._V1_.jpg
Men in Black,https://m.media-amazon.com/images/M/MV5BZmQ0YTdhYzEtMjIxZC00MGFiLTlmNjktZmFlOWE2M2QxOTRhXkEyXkFqcGc@._V1_.jpg
"Lock, Stock and Two Smoking Barrels",https://m.media-amazon.com/images/M/MV5BMmY1M2M5ZmMtYzllZC00YzAxLTk4MjktZDJkNjA1MTUwMGQ4XkEyXkFqcGc@._V1_.jpg
Don't Look Up,https://m.media-amazon.com/images/M/MV5BOTI0ZDdhZjAtYTIzNi00ZmQwLThkMWEtNjVjNGRiMWM1OGVlXkEyXkFqcGc@._V1_.jpg
Captain Marvel,https://m.media-amazon.com/images/M/MV5BZDI1NGU2ODAtNzBiNy00MWY5LWIyMGEtZjUxZjUwZmZiNjBlXkEyXkFqcGc@._V1_.jpg
Nightcrawler,https://m.media-amazon.com/images/M/MV5BN2EzMWM3Y2EtN2I2Ny00ZmY1LWJiMjEtMDdhMzUxOWMwMjFmXkEyXkFqcGc@._V1_.jpg
Star Trek,https://m.media-amazon.com/images/M/MV5BMjE5NDQ5OTE4Ml5BMl5BanBnXkFtZTcwOTE3NDIzMw@@._V1_.jpg
Zodiac,https://m.media-amazon.com/images/M/MV5BZTE1ZDg2YjEtODQ2MS00ZjAzLTgwMjYtZjk5NDcwZGI1ZGUxXkEyXkFqcGc@._V1_.jpg
Limitless,https://m.media-amazon.com/images/M/MV5BNDVhOWFmYWQtY2ZhYS00NWQ3LWI0MTMtOGExMDlkMWRmZDY5XkEyXkFqcGc@._V1_.jpg
Casablanca,https://m.media-amazon.com/images/M/MV5BNWEzN2U1YTYtYTQyMS00NTVkLWE2NGQtZWFlMmM0MDNjMmRiXkEyXkFqcGc@._V1_.jpg
Hacksaw Ridge,https://m.media-amazon.com/images/M/MV5BMjQ1NjM3MTUxNV5BMl5BanBnXkFtZTgwMDc5MTY5OTE@._V1_.jpg
Harry Potter and the Deathly Hallows: Part 1,https://m.media-amazon.com/images/M/MV5BMTQ2OTE1Mjk0N15BMl5BanBnXkFtZTcwODE3MDAwNA@@._V1_.jpg
Independence Day,https://m.media-amazon.com/images/M/MV5BZGU1MzhmMDMtNzZmZS00MWEyLWFhNTYtMzY0NzAwNDY0NTA4XkEyXkFqcGc@._V1_.jpg
A Quiet Place,https://m.media-amazon.com/images/M/MV5BMjI0MDMzNTQ0M15BMl5BanBnXkFtZTgwMTM5NzM3NDM@._V1_.jpg
Tenet,https://m.media-amazon.com/images/M/MV5BNDMzMzYyMTYtMDE2OC00ZWVmLTg0NTktYmEyNTViMmFjOGFlXkEyXkFqcGc@._V1_.jpg
Harry Potter and the Half-Blood Prince,https://m.media-amazon.com/images/M/MV5BNzU3NDg4NTAyNV5BMl5BanBnXkFtZTcwOTg2ODg1Mg@@._V1_.jpg
Green Book,https://m.media-amazon.com/images/M/MV5BMTI0MzAxOWEtODU5Zi00MzU5LWEzMjEtM2U5ODc4NWFmNjI4XkEyXkFqcGc@._V1_.jpg
21 Jump Street,https://m.media-amazon.com/images/M/MV5BMTg2NjJiODctM2IyMS00MmQ5LWI1YmQtNTBjMTI4M2U2YzA5XkEyXkFqcGc@._V1_.jpg
Bohemian Rhapsody,https://m.media-amazon.com/images/M/MV5BMTA2NDc3Njg5NDVeQTJeQWpwZ15BbWU4MDc1NDcxNTUz._V1_.jpg
The Great Gatsby,https://m.media-amazon.com/images/M/MV5BMTkxNTk1ODcxNl5BMl5BanBnXkFtZTcwMDI1OTMzOQ@@._V1_.jpg
Looper,https://m.media-amazon.com/images/M/MV5BMTg5NTA3NTg4NF5BMl5BanBnXkFtZTcwNTA0NDYzOA@@._V1_.jpg
Shaun of the Dead,https://m.media-amazon.com/images/M/MV5BNzNjZGE4YTUtOWU3OC00Mzg2LThjNWItMzUwYzEwMDgxYmVjXkEyXkFqcGc@._V1_.jpg
Ex Machina,https://m.media-amazon.com/images/M/MV5BMTUxNzc0OTIxMV5BMl5BanBnXkFtZTgwNDI3NzU2NDE@._V1_.jpg
Kick-Ass,https://m.media-amazon.com/images/M/MV5BMTMzNzEzMDYxM15BMl5BanBnXkFtZTcwMTc0NTMxMw@@._V1_.jpg
Despicable Me,https://m.media-amazon.com/images/M/MV5BMTY3NjY0MTQ0Nl5BMl5BanBnXkFtZTcwMzQ2MTc0Mw@@._V1_.jpg
Blood Diamond,https://m.media-amazon.com/images/M/MV5BOTcwMmQ1YjAtZjBkMi00N2VhLWEzYTAtMDc0ODliZmQ4Nzc1XkEyXkFqcGc@._V1_.jpg
Minority Report,https://m.media-amazon.com/images/M/MV5BZGFkYzc4YWItOGNhNi00MGNjLWIyOGYtZTY1OTAwZTc4N2I2XkEyXkFqcGc@._V1_.jpg
Watchmen,https://m.media-amazon.com/images/M/MV5BMzk1YmI3NDAtMmNiYS00YWQxLWE3ZjMtOTJlOTE0NDFmY2I1XkEyXkFqcGc@._V1_.jpg
X2: X-Men United,https://m.media-amazon.com/images/M/MV5BNDk0NjYxMzIzOF5BMl5BanBnXkFtZTYwMTc1MjU3._V1_.jpg
"I, Robot",https://m.media-amazon.com/images/M/MV5BZDdhNTY3YTgtYmQwMC00MjM1LTgzYzMtMGM1N2E0NWM1NDlkXkEyXkFqcGc@._V1_.jpg
Back to the Future Part II,https://m.media-amazon.com/images/M/MV5BMTNlOTRmOTEtMTAyMi00NjFiLTk3NDMtNWI0YzA3ZTZlYjZiXkEyXkFqcGc@._V1_.jpg
The Hobbit: The Battle of the Five Armies,https://m.media-amazon.com/images/M/MV5BMTYzNDE3OTQ3MF5BMl5BanBnXkFtZTgwODczMTg4MjE@._V1_.jpg
The Bourne Identity,https://m.media-amazon.com/images/M/MV5BYjJjODQ4M2UtMWZlOS00MzQwLTg0YjktOWFjNmFhODgzNWNlXkEyXkFqcGc@._V1_.jpg
Barbie,https://m.media-amazon.com/images/M/MV5BYjI3NDU0ZGYtYjA2YS00Y2RlLTgwZDAtYTE2YTM5ZjE1M2JlXkEyXkFqcGc@._V1_.jpg
Rise of the Planet of the Apes,https://m.media-amazon.com/images/M/MV5BMjllODU1NDItODU1Ni00N2Y2LTg4Y2ItOTJjMTczZDliN2FhXkEyXkFqcGc@._V1_.jpg
Troy,https://m.media-amazon.com/images/M/MV5BMTk5MzU1MDMwMF5BMl5BanBnXkFtZTcwNjczODMzMw@@._V1_.jpg
Dune: Part Two,https://m.media-amazon.com/images/M/MV5BNTc0YmQxMjEtODI5MC00NjFiLTlkMWUtOGQ5NjFmYWUyZGJhXkEyXkFqcGc@._V1_.jpg
Spider-Man: Far from Home,https://m.media-amazon.com/images/M/MV5BMzNhNTE0NWQtN2E1Ny00NjcwLTg1YTctMGY1NmMwODJmY2NmXkEyXkFqcGc@._V1_.jpg
"Crazy, Stupid, Love.",https://m.media-amazon.com/images/M/MV5BMTg2MjkwMTM0NF5BMl5BanBnXkFtZTcwMzc4NDg2NQ@@._V1_.jpg
Casino,https://m.media-amazon.com/images/M/MV5BMDRlZWZjZjYtYzY2NS00ZWVjLTkwYzAtZTA2ZDAzMGRiYmYwXkEyXkFqcGc@._V1_.jpg
Monty Python and the Holy Grail,https://m.media-amazon.com/images/M/MV5BZTk1OWQzMWUtZjg4OC00NWMzLThlZTgtZWIwNTNiYjA5NTQxXkEyXkFqcGc@._V1_.jpg
The Pursuit of Happyness,https://m.media-amazon.com/images/M/MV5BMTQ5NjQ0NDI3NF5BMl5BanBnXkFtZTcwNDI0MjEzMw@@._V1_.jpg
Split,https://m.media-amazon.com/images/M/MV5BYzA2MTZhZWQtNDQxNi00YmNkLWFlOGItNWJhMjBlYjI2YzAzXkEyXkFqcGc@._V1_.jpg
500 Days of Summer,https://m.media-amazon.com/images/M/MV5BMTk5MjM4OTU1OV5BMl5BanBnXkFtZTcwODkzNDIzMw@@._V1_.jpg
Pirates of the Caribbean: On Stranger Tides,https://m.media-amazon.com/images/M/MV5BMjE5MjkwODI3Nl5BMl5BanBnXkFtZTcwNjcwMDk4NA@@._V1_.jpg
Dead Poets Society,https://m.media-amazon.com/images/M/MV5BYjgxMTAyZWEtYTM4OC00MGM1LWFiOGQtNzljOTBiZDk0NmYwXkEyXkFqcGc@._V1_.jpg
The Conjuring,https://m.media-amazon.com/images/M/MV5BMTM3NjA1NDMyMV5BMl5BanBnXkFtZTcwMDQzNDMzOQ@@._V1_.jpg
The Kashmir Files,https://m.media-amazon.com/images/M/MV5BMmU5MjUxZmQtM2U5OC00ZGIyLThjMTgtMTM3ODBhYjNiMjRlXkEyXkFqcGc@._V1_.jpg
"Three Billboards Outside Ebbing, Missouri",https://m.media-amazon.com/images/M/MV5BMjI0ODcxNzM1N15BMl5BanBnXkFtZTgwMzIwMTEwNDI@._V1_.jpg
Zootopia,https://m.media-amazon.com/images/M/MV5BOTMyMjEyNzIzMV5BMl5BanBnXkFtZTgwNzIyNjU0NzE@._V1_.jpg
Fury,https://m.media-amazon.com/images/M/MV5BMjA4MDU0NTUyN15BMl5BanBnXkFtZTgwMzQxMzY4MjE@._V1_.jpg
Venom,https://m.media-amazon.com/images/M/MV5BNTYwMDg5MDItNjhmZi00NmVmLThjNWItMmNkMjVkMWRhNzI2XkEyXkFqcGc@._V1_.jpg
Everything Everywhere All at Once,https://m.media-amazon.com/images/M/MV5BOWNmMzAzZmQtNDQ1NC00Nzk5LTkyMmUtNGI2N2NkOWM4MzEyXkEyXkFqcGc@._V1_.jpg
Oblivion,https://m.media-amazon.com/images/M/MV5BMTQwMDY0MTA4MF5BMl5BanBnXkFtZTcwNzI3MDgxOQ@@._V1_.jpg
The Perks of Being a Wallflower,https://m.media-amazon.com/images/M/MV5BZGFkYWJiOTQtMzljMy00ZDlmLTg0OGItNzkzYTJjNmVhZmMxXkEyXkFqcGc@._V1_.jpg
Source Code,https://m.media-amazon.com/images/M/MV5BMTY0MTc3MzMzNV5BMl5BanBnXkFtZTcwNDE4MjE0NA@@._V1_.jpg
Mr. & Mrs. Smith,https://m.media-amazon.com/images/M/MV5BNDYzODYxNTczNV5BMl5BanBnXkFtZTcwMjQxNjUyMw@@._V1_.jpg
Juno,https://m.media-amazon.com/images/M/MV5BMTIwMDgwODc5Nl5BMl5BanBnXkFtZTYwMjQzMDM4._V1_.jpg
Rain Man,https://m.media-amazon.com/images/M/MV5BNDhjNjE4Y2MtNTRmYi00ZmFjLWExNzMtNmU3ODM1NDZkOWQ0XkEyXkFqcGc@._V1_.jpg
The Matrix Revolutions,https://m.media-amazon.com/images/M/MV5BNWI5OGI1YmYtYWEwZC00Yzg3LWE1NWUtZWI5MDIwNmU0MDZmXkEyXkFqcGc@._V1_.jpg
The Amazing Spider-Man 2,https://m.media-amazon.com/images/M/MV5BOTA5NDYxNTg0OV5BMl5BanBnXkFtZTgwODE5NzU1MTE@._V1_.jpg
X-Men: The Last Stand,https://m.media-amazon.com/images/M/MV5BMThmOWE3OWEtODJmNC00ZDEzLTk4MWUtNzEzM2RiNmJiZmU3XkEyXkFqcGc@._V1_.jpg
Love Actually,https://m.media-amazon.com/images/M/MV5BYWRlZjcwYTgtYWJkOS00MGYwLTk3Y2ItNmU4NTg5Nzg2YTQ2XkEyXkFqcGc@._V1_.jpg
Lucy,https://m.media-amazon.com/images/M/MV5BODcxMzY3ODY1NF5BMl5BanBnXkFtZTgwNzg1NDY4MTE@._V1_.jpg
X-Men Origins: Wolverine,https://m.media-amazon.com/images/M/MV5BZmQyNDczMjAtNmE1OC00Mjg4LWEzOTktYTBjMDk4ODMxOWVlXkEyXkFqcGc@._V1_.jpg
The Hangover Part II,https://m.media-amazon.com/images/M/MV5BMTM2MTM4MzY2OV5BMl5BanBnXkFtZTcwNjQ3NzI4NA@@._V1_.jpg
Hot Fuzz,https://m.media-amazon.com/images/M/MV5BOTEyMGZkYzAtMWNhYy00Y2NjLTk4MjQtMDA4NjE3ZTI3NDdlXkEyXkFqcGc@._V1_.jpg
Indiana Jones and the Temple of Doom,https://m.media-amazon.com/images/M/MV5BOGUwZjZiNWQtYzAzZi00NGI5LWE4YmUtN2Y4YWMwY2RlZDkyXkEyXkFqcGc@._V1_.jpg
Charlie and the Chocolate Factory,https://m.media-amazon.com/images/M/MV5BNjcxMjg1Njg2NF5BMl5BanBnXkFtZTcwMjQ4NzMzMw@@._V1_.jpg
American Sniper,https://m.media-amazon.com/images/M/MV5BMTkxNzI3ODI4Nl5BMl5BanBnXkFtZTgwMjkwMjY4MjE@._V1_.jpg
Kung Fu Panda,https://m.media-amazon.com/images/M/MV5BNmVhZjdkMzQtMDc4ZS00ODg1LTgxM2UtMjlkNDIxNjU1NzNmXkEyXkFqcGc@._V1_.jpg
Children of Men,https://m.media-amazon.com/images/M/MV5BMDNkNmNiYzYtYWY0YS00NWEwLTgwMWUtYjM0M2E4Nzk3MzhmXkEyXkFqcGc@._V1_.jpg
Pacific Rim,https://m.media-amazon.com/images/M/MV5BMTY3MTI5NjQ4Nl5BMl5BanBnXkFtZTcwOTU1OTU0OQ@@._V1_.jpg
Edward Scissorhands,https://m.media-amazon.com/images/M/MV5BODJhODczYjUtYzdkMy00Yjc4LTllNWMtZTQ3MDZlYWZjYWEzXkEyXkFqcGc@._V1_.jpg
Mission: Impossible - Ghost Protocol,https://m.media-amazon.com/images/M/MV5BMTY4MTUxMjQ5OV5BMl5BanBnXkFtZTcwNTUyMzg5Ng@@._V1_.jpg
The Incredible Hulk,https://m.media-amazon.com/images/M/MV5BMTUyNzk3MjA1OF5BMl5BanBnXkFtZTcwMTE1Njg2MQ@@._V1_.jpg
Ice Age,https://m.media-amazon.com/images/M/MV5BODhmZTRjZWYtNGI5MC00YjgyLWFhODEtN2E4NTc2Zjg2ZmNmXkEyXkFqcGc@._V1_.jpg
The Butterfly Effect,https://m.media-amazon.com/images/M/MV5BZDk0ZDJiODEtNWM2ZC00OWYxLWExN2YtNTFlNjI4NTVmZmZmXkEyXkFqcGc@._V1_.jpg
Aquaman,https://m.media-amazon.com/images/M/MV5BOTk5ODg0OTU5M15BMl5BanBnXkFtZTgwMDQ3MDY3NjM@._V1_.jpg
Dr. Strangelove or: How I Learned to Stop Worrying and Love the Bomb,https://m.media-amazon.com/images/M/MV5BMjFjYzBlOTktMTI2OS00ZWVhLTgxMDUtNzAwODY2NmI3YTAzXkEyXkFqcGc@._V1_.jpg
John Wick: Chapter 2,https://m.media-amazon.com/images/M/MV5BMjE2NDkxNTY2M15BMl5BanBnXkFtZTgwMDc2NzE0MTI@._V1_.jpg
Little Miss Sunshine,https://m.media-amazon.com/images/M/MV5BMTgzNTgzODU0NV5BMl5BanBnXkFtZTcwMjEyMjMzMQ@@._V1_.jpg
Dallas Buyers Club,https://m.media-amazon.com/images/M/MV5BMTYwMTA4MzgyNF5BMl5BanBnXkFtZTgwMjEyMjE0MDE@._V1_.jpg
The Maze Runner,https://m.media-amazon.com/images/M/MV5BMjUyNTA3MTAyM15BMl5BanBnXkFtZTgwOTEyMTkyMjE@._V1_.jpg
Rush,https://m.media-amazon.com/images/M/MV5BMTZhOGQxM2ItNGQyYy00YzE5LWI5MjMtNmMzNGQzNDE1OTUzXkEyXkFqcGc@._V1_.jpg
Hancock,https://m.media-amazon.com/images/M/MV5BMTgyMzc4ODU3NV5BMl5BanBnXkFtZTcwNjk5Mzc1MQ@@._V1_.jpg
Avatar: The Way of Water,https://m.media-amazon.com/images/M/MV5BNmQxNjZlZTctMWJiMC00NGMxLWJjNTctNTFiNjA1Njk3ZDQ5XkEyXkFqcGc@._V1_.jpg
Shrek 2,https://m.media-amazon.com/images/M/MV5BMzNmNjQ1NmUtNzhiZS00YWE2LTg4N2ItZTA2ODdmOTMwOTQ1XkEyXkFqcGc@._V1_.jpg
It's a Wonderful Life,https://m.media-amazon.com/images/M/MV5BMDM4OWFhYjEtNTE5Yy00NjcyLTg5N2UtZDQwNDZlYjlmNDU5XkEyXkFqcGc@._V1_.jpg
Big Hero 6,https://m.media-amazon.com/images/M/MV5BM2JmNWI1ZGYtNWZhNS00ODM2LTg3M2QtZDNjYjc2NmNmNDc1XkEyXkFqcGc@._V1_.jpg
The Fifth Element,https://m.media-amazon.com/images/M/MV5BODU4ZTE5MWYtNmY2MC00NDkyLTk0NDgtNTk5YjgzMzc4NmQwXkEyXkFqcGc@._V1_.jpg
Fantastic Beasts and Where to Find Them,https://m.media-amazon.com/images/M/MV5BMjMxOTM1OTI4MV5BMl5BanBnXkFtZTgwODE5OTYxMDI@._V1_.jpg
Top Gun,https://m.media-amazon.com/images/M/MV5BN2ZlZWY2MzUtM2NjZC00N2E2LWI1NTgtMjk5OGYwNzNlY2ZlXkEyXkFqcGc@._V1_.jpg
The Hunger Games: Mockingjay - Part 1,https://m.media-amazon.com/images/M/MV5BMTcxNDI2NDAzNl5BMl5BanBnXkFtZTgwODM3MTc2MjE@._V1_.jpg
Spotlight,https://m.media-amazon.com/images/M/MV5BMjIyOTM5OTIzNV5BMl5BanBnXkFtZTgwMDkzODE2NjE@._V1_.jpg
Tangled,https://m.media-amazon.com/images/M/MV5BMTAxNDYxMjg0MjNeQTJeQWpwZ15BbWU3MDcyNTk2OTM@._V1_.jpg
Star Wars: Episode IX - The Rise of Skywalker,https://m.media-amazon.com/images/M/MV5BODg5ZTNmMTUtYThlNy00NjljLWE0MGUtYmQ1NDg4NWU5MjQ1XkEyXkFqcGc@._V1_.jpg
Warrior,https://m.media-amazon.com/images/M/MV5BMTk4ODk5MTMyNV5BMl5BanBnXkFtZTcwMDMyNTg0Ng@@._V1_.jpg
Ford v Ferrari,https://m.media-amazon.com/images/M/MV5BOTBjNTEyNjYtYjdkNi00YzE5LTljYzUtZjVlYmYwZmJmZWYxXkEyXkFqcGc@._V1_.jpg
The Terminal,https://m.media-amazon.com/images/M/MV5BMmEwZTRlZWQtYTE0Yy00MWZmLWEwMTktZmY1ZTMzZWMxMTRhXkEyXkFqcGc@._V1_.jpg
The Girl with the Dragon Tattoo,https://m.media-amazon.com/images/M/MV5BMTczNDk4NTQ0OV5BMl5BanBnXkFtZTcwNDAxMDgxNw@@._V1_.jpg
Ready Player One,https://m.media-amazon.com/images/M/MV5BNzVkMTgzODQtMWIwZC00NzE4LTgzZjYtMzAwM2I5OGZhNjE4XkEyXkFqcGc@._V1_.jpg
The Wolverine,https://m.media-amazon.com/images/M/MV5BNzg1MDQxMTQ2OF5BMl5BanBnXkFtZTcwMTk3MjAzOQ@@._V1_.jpg
American Hustle,https://m.media-amazon.com/images/M/MV5BYjU0YjcyMWMtN2E5ZC00OTEzLWI3MGMtNzkyYTM1NmUwYTE4XkEyXkFqcGc@._V1_.jpg
The Help,https://m.media-amazon.com/images/M/MV5BMTM5OTMyMjIxOV5BMl5BanBnXkFtZTcwNzU4MjIwNQ@@._V1_.jpg
Lost in Translation,https://m.media-amazon.com/images/M/MV5BMTUxMzk0NDg1MV5BMl5BanBnXkFtZTgwNDg0NjkxMDI@._V1_.jpg
Doctor Strange in the Multiverse of Madness,https://m.media-amazon.com/images/M/MV5BN2YxZGRjMzYtZjE1ZC00MDI0LThjZmQtZTZmMzVmMmQ2NzBmXkEyXkFqcGc@._V1_.jpg
Captain Phillips,https://m.media-amazon.com/images/M/MV5BMGE2YjkxYjQtZDcwZS00Yzg0LTgwZTktNTI2MDFhOWM3Mjk5XkEyXkFqcGc@._V1_.jpg
The Big Short,https://m.media-amazon.com/images/M/MV5BZDZkNDQ3YjktYjBlZC00YTY1LTgxOGYtY2RhMWFhZmNkZGY3XkEyXkFqcGc@._V1_.jpg
Star Trek Into Darkness,https://m.media-amazon.com/images/M/MV5BMTk2NzczOTgxNF5BMl5BanBnXkFtZTcwODQ5ODczOQ@@._V1_.jpg
We're the Millers,https://m.media-amazon.com/images/M/MV5BYmU2OTZkYWUtNmQ2Zi00OWIyLTljZGYtZDUzZThkZTAyOTU0XkEyXkFqcGc@._V1_.jpg
Divergent,https://m.media-amazon.com/images/M/MV5BMTYxMzYwODE4OV5BMl5BanBnXkFtZTgwNDE5MzE2MDE@._V1_.jpg
Twilight,https://m.media-amazon.com/images/M/MV5BMTQ2NzUxMTAxN15BMl5BanBnXkFtZTcwMzEyMTIwMg@@._V1_.jpg
Indiana Jones and the Kingdom of the Crystal Skull,https://m.media-amazon.com/images/M/MV5BYTFiMDk2NzItZDU5Ni00ZjBjLTkzYWQtYzcwZDIwMWZjMmZiXkEyXkFqcGc@._V1_.jpg
Mystic River,https://m.media-amazon.com/images/M/MV5BMTIzNDUyMjA4MV5BMl5BanBnXkFtZTYwNDc4ODM3._V1_.jpg
Sicario,https://m.media-amazon.com/images/M/MV5BMjA5NjM3NTk1M15BMl5BanBnXkFtZTgwMzg1MzU2NjE@._V1_.jpg
The Bourne Supremacy,https://m.media-amazon.com/images/M/MV5BZTU4ZDgyYjgtODA0Mi00MmE3LTgzYWQtZjc1YTFiMTczZTQ3XkEyXkFqcGc@._V1_.jpg
Dawn of the Planet of the Apes,https://m.media-amazon.com/images/M/MV5BNWNjYzQ4ZGItZTg1My00NTM2LTg1NDUtYThjOTQwMTYyNjU1XkEyXkFqcGc@._V1_.jpg
Back to the Future Part III,https://m.media-amazon.com/images/M/MV5BMjYwY2RjNjQtODcxZS00OGIxLTlmYjgtMDY0MTM4Mjk5ZmFmXkEyXkFqcGc@._V1_.jpg
Cars,https://m.media-amazon.com/images/M/MV5BMTg5NzY0MzA2MV5BMl5BanBnXkFtZTYwNDc3NTc2._V1_.jpg
The Day After Tomorrow,https://m.media-amazon.com/images/M/MV5BOGZmNDYyNmMtNDQyNy00OTkzLTg1OGUtYWJiNmQ5Y2Q5ZGU3XkEyXkFqcGc@._V1_.jpg
The Theory of Everything,https://m.media-amazon.com/images/M/MV5BMTAwMTU4MDA3NDNeQTJeQWpwZ15BbWU4MDk4NTMxNTIx._V1_.jpg
The Devil Wears Prada,https://m.media-amazon.com/images/M/MV5BNGQ2NGIxYzYtMjZkMS00ZmVlLTgxYzMtYTc0OTNmZjZjNWI4XkEyXkFqcGc@._V1_.jpg
The Thing,https://m.media-amazon.com/images/M/MV5BYTA3NDU5MWEtNTk4Yy00ZDNkLThmZTQtMjU3ZGVhYzAyMzU4XkEyXkFqcGc@._V1_.jpg
Training Day,https://m.media-amazon.com/images/M/MV5BNzJhOThmODgtYTRiNi00OWRlLWEzNTctMWNmZmU3OTcwOGMyXkEyXkFqcGc@._V1_.jpg
Sherlock Holmes: A Game of Shadows,https://m.media-amazon.com/images/M/MV5BMTQwMzQ5Njk1MF5BMl5BanBnXkFtZTcwNjIxNzIxNw@@._V1_.jpg
Beauty and the Beast,https://m.media-amazon.com/images/M/MV5BYTY3NDg2YzktYWFjZC00MTExLTlmZDctMGY3MWYzZTlkYTNiXkEyXkFqcGc@._V1_.jpg
Justice League,https://m.media-amazon.com/images/M/MV5BMjM5YmQxM2YtZjI2Yy00YjhhLTg5N2MtMTEyMzdlZDU3OTVhXkEyXkFqcGc@._V1_.jpg
War of the Worlds,https://m.media-amazon.com/images/M/MV5BNDUyODAzNDI1Nl5BMl5BanBnXkFtZTcwMDA2NDAzMw@@._V1_.jpg
Gangs of New York,https://m.media-amazon.com/images/M/MV5BMmJmM2Q3MDYtMmFiNy00NTM2LWEzZGQtZDJmMGUyM2QwNTQxXkEyXkFqcGc@._V1_.jpg
Saw,https://m.media-amazon.com/images/M/MV5BMmU4YjkyNTAtNzY4Ny00YjE3LWEwYjctMzJkY2RkNjg1YTM3XkEyXkFqcGc@._V1_.jpg
The Last Samurai,https://m.media-amazon.com/images/M/MV5BMzkyNzQ1Mzc0NV5BMl5BanBnXkFtZTcwODg3MzUzMw@@._V1_.jpg
Mission: Impossible,https://m.media-amazon.com/images/M/MV5BOGZjNDlkMTYtMTJkZi00OTkzLWI4NDEtYTA2ODQyMjcwYTdlXkEyXkFqcGc@._V1_.jpg
Aladdin,https://m.media-amazon.com/images/M/MV5BMmQwYWZjZGItYzc0OC00ZDllLTg3NjItOWIyOWYwMDljMjAyXkEyXkFqcGc@._V1_.jpg
The Hurt Locker,https://m.media-amazon.com/images/M/MV5BNzgyMGM2YTItYzY2Yi00NDQ0LWE0M2EtMGUzYjFlMDgyY2M3XkEyXkFqcGc@._V1_.jpg
The 40-Year-Old Virgin,https://m.media-amazon.com/images/M/MV5BMzFiNzU2NjQtZTcwZC00Nzc3LTk3NjEtMDZmMDhmYjQ4NTAwXkEyXkFqcGc@._V1_.jpg
Moneyball,https://m.media-amazon.com/images/M/MV5BMjAxOTU3Mzc1M15BMl5BanBnXkFtZTcwMzk1ODUzNg@@._V1_.jpg
Quantum of Solace,https://m.media-amazon.com/images/M/MV5BYmMwZTA3MTAtNWU0Yy00NGZmLTg0YmItZTVkZGFjZTI1ZWJiXkEyXkFqcGc@._V1_.jpg
Elysium,https://m.media-amazon.com/images/M/MV5BNDc2NjU0MTcwNV5BMl5BanBnXkFtZTcwMjg4MDg2OQ@@._V1_.jpg
Bullet Train,https://m.media-amazon.com/images/M/MV5BODUyZjkxZDMtZGI3ZC00ZmEwLTgwMTUtYTU4OTQ5YjU4ZjRlXkEyXkFqcGc@._V1_.jpg
Scott Pilgrim vs. the World,https://m.media-amazon.com/images/M/MV5BNTA5ZWMwNmYtNWI1ZS00NDRlLTkxNzktMzdhZDU2ZDhjNDJmXkEyXkFqcGc@._V1_.jpg
Spectre,https://m.media-amazon.com/images/M/MV5BMzA5MzFiNDAtYTI0NC00MDE5LTljYTctYTNkODk1OTZlODI5XkEyXkFqcGc@._V1_.jpg
Citizen Kane,https://m.media-amazon.com/images/M/MV5BYjk1ZDJlMmUtOWQ0Zi00MDM5LTk1OGYtODczNjFmMGYwZGVkXkEyXkFqcGc@._V1_.jpg
Horrible Bosses,https://m.media-amazon.com/images/M/MV5BNzYxNDI5Njc5NF5BMl5BanBnXkFtZTcwMDUxODE1NQ@@._V1_.jpg
The Mummy,https://m.media-amazon.com/images/M/MV5BNDRhOWI3Y2EtMDJjZC00ZDNlLWIxZDgtOWFlMjBkN2UxMDA2XkEyXkFqcGc@._V1_.jpg
X-Men: Apocalypse,https://m.media-amazon.com/images/M/MV5BNjVhNWY3NjItNmZjOS00NTU3LWFiZTctNzdjNGM5Y2Y0MDUwXkEyXkFqcGc@._V1_.jpg
In Bruges,https://m.media-amazon.com/images/M/MV5BNjliZjBlNDItOWUyZC00ZTExLTg5NmUtNzE5ZmQyZWVmZmE5XkEyXkFqcGc@._V1_.jpg
Wreck-It Ralph,https://m.media-amazon.com/images/M/MV5BNzMxNTExOTkyMF5BMl5BanBnXkFtZTcwMzEyNDc0OA@@._V1_.jpg
Howl's Moving Castle,https://m.media-amazon.com/images/M/MV5BMTY1OTg0MjE3MV5BMl5BanBnXkFtZTcwNTUxMTkyMQ@@._V1_.jpg
The Exorcist,https://m.media-amazon.com/images/M/MV5BZjg3YjE4ZjAtYTdmYS00ZTBkLWE1ZjgtNzAzODUwNzRiYjlmXkEyXkFqcGc@._V1_.jpg
Predator,https://m.media-amazon.com/images/M/MV5BOWEzMDI0MTUtMjQ0Yy00MGRhLWI4YjAtZTgzZTM3NTYxZGJkXkEyXkFqcGc@._V1_.jpg
Jumanji: Welcome to the Jungle,https://m.media-amazon.com/images/M/MV5BZjI5MzdmODctYjA4NS00ZmMxLWJlOWUtOGVhMjA0OGMxMWYzXkEyXkFqcGc@._V1_.jpg
The Da Vinci Code,https://m.media-amazon.com/images/M/MV5BMjIxMjQyMTc3Nl5BMl5BanBnXkFtZTcwMTA1MDUzMw@@._V1_.jpg
Glass Onion,https://m.media-amazon.com/images/M/MV5BMzI2ZDYxZTEtMzVlOC00OTUyLTgyNTAtYWFhNmRhZjAzZWE1XkEyXkFqcGc@._V1_.jpg
American Gangster,https://m.media-amazon.com/images/M/MV5BOGFjZTk5ZDktYjQ4ZC00MzZjLWJhZmItMjk1MGNhMDBlMTU1XkEyXkFqcGc@._V1_.jpg
Passengers,https://m.media-amazon.com/images/M/MV5BYzRjNTFmMzQtM2JhZi00ZTI0LTlhMjMtNzQ4YWRhZGVmZWRmXkEyXkFqcGc@._V1_.jpg
28 Days Later,https://m.media-amazon.com/images/M/MV5BMDI2NDAxYzYtZWUyNi00YWExLThjMDItZGMzNDUxNTQ0ZWQ2XkEyXkFqcGc@._V1_.jpg
The Cabin in the Woods,https://m.media-amazon.com/images/M/MV5BNTUxNzYyMjg2N15BMl5BanBnXkFtZTcwMTExNzExNw@@._V1_.jpg
Big Fish,https://m.media-amazon.com/images/M/MV5BNTVlNjc4ZmItMDZjYy00YWZjLTg1OWEtOTNlZjJlN2FlMjEwXkEyXkFqcGc@._V1_.jpg
Ghostbusters,https://m.media-amazon.com/images/M/MV5BMGI0Yjg2ODAtNDYzNi00Njc2LTlkMmMtMmRmYWI5MDE4ZGRkXkEyXkFqcGc@._V1_.jpg
Ant-Man and the Wasp,https://m.media-amazon.com/images/M/MV5BODVkY2ZmZTAtYzFhMi00YzZlLWE2YWMtMDBiYjY2OTU4ZWM0XkEyXkFqcGc@._V1_.jpg
Room,https://m.media-amazon.com/images/M/MV5BMjE4NzgzNzEwMl5BMl5BanBnXkFtZTgwMTMzMDE0NjE@._V1_.jpg
Tropic Thunder,https://m.media-amazon.com/images/M/MV5BNDE5NjQzMDkzOF5BMl5BanBnXkFtZTcwODI3ODI3MQ@@._V1_.jpg
Armageddon,https://m.media-amazon.com/images/M/MV5BMjNhODk4ODctMjRkNi00ZDI1LWI5NDEtMjVhODI1MTMwNWY4XkEyXkFqcGc@._V1_.jpg
The Princess Bride,https://m.media-amazon.com/images/M/MV5BMjFiOTEyNGMtN2E4MC00ZjZlLTk3ZDQtNTU1ZGNiZTA1MzJlXkEyXkFqcGc@._V1_.jpg
In Time,https://m.media-amazon.com/images/M/MV5BMjA3NzI1ODc1MV5BMl5BanBnXkFtZTcwMzI5NjQwNg@@._V1_.jpg
No Time to Die,https://m.media-amazon.com/images/M/MV5BOGU5YzIxZWQtM2JjYy00NTI2LWE4YWYtYmU0Y2Q3ZDM1ZGZlXkEyXkFqcGc@._V1_.jpg
Jojo Rabbit,https://m.media-amazon.com/images/M/MV5BYmFmNmUyMjYtZTFjNS00OWQyLThhZmMtMGZkYTQ3YjY0ZDQ1XkEyXkFqcGc@._V1_.jpg
Midnight in Paris,https://m.media-amazon.com/images/M/MV5BMTM4NjY1MDQwMl5BMl5BanBnXkFtZTcwNTI3Njg3NA@@._V1_.jpg
Stand by Me,https://m.media-amazon.com/images/M/MV5BNGJkNTUwM2MtZWE2MS00YjNkLWE3MjktNWQwZDQxMDIyZWVmXkEyXkFqcGc@._V1_.jpg
The Shape of Water,https://m.media-amazon.com/images/M/MV5BOGFlMTM2MTgtZDdlMy00ZDZlLWFjOTUtZDMzMGEwNmNiMWY0XkEyXkFqcGc@._V1_.jpg
Brave,https://m.media-amazon.com/images/M/MV5BMzgwODk3ODA1NF5BMl5BanBnXkFtZTcwNjU3NjQ0Nw@@._V1_.jpg
King Kong,https://m.media-amazon.com/images/M/MV5BZWVmZDlhNmEtM2NhNC00N2EwLWJiNzgtNDE0ODI4YjI4NGJhXkEyXkFqcGc@._V1_.jpg
Borat,https://m.media-amazon.com/images/M/MV5BMTk0MTQ3NDQ4Ml5BMl5BanBnXkFtZTcwOTQ3OTQzMw@@._V1_.jpg
Mean Girls,https://m.media-amazon.com/images/M/MV5BMjE1MDQ4MjI1OV5BMl5BanBnXkFtZTcwNzcwODAzMw@@._V1_.jpg
Deadpool & Wolverine,https://m.media-amazon.com/images/M/MV5BZTk5ODY0MmQtMzA3Ni00NGY1LThiYzItZThiNjFiNDM4MTM3XkEyXkFqcGc@._V1_.jpg
Shang-Chi and the Legend of the Ten Rings,https://m.media-amazon.com/images/M/MV5BZmY5MDcyNzAtYzg3MC00MGNlLTg3OGItNmRjYThkZGVlNzAyXkEyXkFqcGc@._V1_.jpg
The Lost World: Jurassic Park,https://m.media-amazon.com/images/M/MV5BMGI3NDg5N2ItZGIyZi00ZWNkLWFlODUtZDA1Y2Q1M2U4NGM2XkEyXkFqcGc@._V1_.jpg
Crash,https://m.media-amazon.com/images/M/MV5BOTk1OTA1MjIyNV5BMl5BanBnXkFtZTcwODQxMTkyMQ@@._V1_.jpg
Unbreakable,https://m.media-amazon.com/images/M/MV5BZmUyNDUzYTItZGEzYy00Nzg5LWIyNzktOTNmNDc3Nzk1MTM2XkEyXkFqcGc@._V1_.jpg
Free Guy,https://m.media-amazon.com/images/M/MV5BN2I0MGMxYjUtZTZiMS00MzMxLTkzNWYtMDUyZmUwY2ViYTljXkEyXkFqcGc@._V1_.jpg
Madagascar,https://m.media-amazon.com/images/M/MV5BYjk4OGFmZmYtYWE4NC00MzM4LTkwZTItODdhMjk3NTZjMmI5XkEyXkFqcGc@._V1_.jpg
Princess Mononoke,https://m.media-amazon.com/images/M/MV5BNjAzODViNGEtMjBkYi00N2U5LWJjNjAtY2U0MGJhZTEwOTU0XkEyXkFqcGc@._V1_.jpg
3 Idiots,https://m.media-amazon.com/images/M/MV5BOTIzNzc3OTMtMmQ0Mi00YzM1LTlhZjQtNGJmOTY5MmI5Zjg1XkEyXkFqcGc@._V1_.jpg
Alice in Wonderland,https://m.media-amazon.com/images/M/MV5BYjgxMTQ3NjMtOTI1Yy00Yzg4LWJlNWQtMjFkNjVlYjU0OWIyXkEyXkFqcGc@._V1_.jpg
Zack Snyder's Justice League,https://m.media-amazon.com/images/M/MV5BNDA0MzM5YTctZTU2My00NGQ5LWE2NTEtNDM0MjZmMDBkOTZkXkEyXkFqcGc@._V1_.jpg
Godzilla,https://m.media-amazon.com/images/M/MV5BODE2NTdmMmYtY2U1OS00MjExLWIwNjQtYjQ5NTA0ZDZmZjZiXkEyXkFqcGc@._V1_.jpg
The Breakfast Club,https://m.media-amazon.com/images/M/MV5BZTZiMGU1MWMtNjk0Yi00ZjNjLTljMDEtMDhkNGE2OWY3YzZiXkEyXkFqcGc@._V1_.jpg
Platoon,https://m.media-amazon.com/images/M/MV5BZjE4YjllODAtZGMxZS00Mjg2LThkOWUtZjNkMjQ5YThiNDU4XkEyXkFqcGc@._V1_.jpg
E.T. the Extra-Terrestrial,https://m.media-amazon.com/images/M/MV5BYjMwYzhjYTctMzFmZS00YzFlLTk4OTAtOWQ3MzcxYjRmNDRhXkEyXkFqcGc@._V1_.jpg
Unforgiven,https://m.media-amazon.com/images/M/MV5BZGQ2MDQ2ZTUtN2E2My00NzY4LThjMTUtOTJkNmJjM2IxMTExXkEyXkFqcGc@._V1_.jpg
Bruce Almighty,https://m.media-amazon.com/images/M/MV5BZjg3ODEzZmYtYjhkOC00ODk0LTk3ZjAtZWRiNGZlZmFhYzBlXkEyXkFqcGc@._V1_.jpg
The Irishman,https://m.media-amazon.com/images/M/MV5BMTY2YThkNmQtOWJhYy00ZDc3LWEzOGEtMmQwNzM0YjFmZWIyXkEyXkFqcGc@._V1_.jpg
The Game,https://m.media-amazon.com/images/M/MV5BNGUzNzQwNmMtNzI3Mi00ZDIwLWJlM2ItMTA5N2Q2ZDMxMjJiXkEyXkFqcGc@._V1_.jpg
American Pie,https://m.media-amazon.com/images/M/MV5BMTg3ODY5ODI1NF5BMl5BanBnXkFtZTgwMTkxNTYxMTE@._V1_.jpg
John Wick: Chapter 3 - Parabellum,https://m.media-amazon.com/images/M/MV5BYjdlNWFlZjEtM2U0NS00ZWU5LTk1M2EtZmQxNWFiZjk0MGM5XkEyXkFqcGc@._V1_.jpg
The Wizard of Oz,https://m.media-amazon.com/images/M/MV5BYWRmY2I0MGItYTQ0OC00NWZmLWIwMDktYjJlNDc0MzVhMmViXkEyXkFqcGc@._V1_.jpg
Collateral,https://m.media-amazon.com/images/M/MV5BMjE3NjM5OTMxMV5BMl5BanBnXkFtZTcwOTIzMTQyMw@@._V1_.jpg
Black Widow,https://m.media-amazon.com/images/M/MV5BZTMyZTA0ZTItYjY3Yi00ODNjLWExYTgtYzgxZTk0NTg0Y2FlXkEyXkFqcGc@._V1_.jpg
Amadeus,https://m.media-amazon.com/images/M/MV5BMjkzNjkzZjAtYjkwOC00ODM3LWIwZGMtZmM1ZDIzOGYwYzU4XkEyXkFqcGc@._V1_.jpg
This Is the End,https://m.media-amazon.com/images/M/MV5BMTQxODE3NjM1Ml5BMl5BanBnXkFtZTcwMzkzNjc4OA@@._V1_.jpg
Transformers: Dark of the Moon,https://m.media-amazon.com/images/M/MV5BMTkwOTY0MTc1NV5BMl5BanBnXkFtZTcwMDQwNjA2NQ@@._V1_.jpg
Vertigo,https://m.media-amazon.com/images/M/MV5BNzEyZTUxMWItMGVhYy00Y2NlLTljYTMtYzBmMzI1YmUyMDBkXkEyXkFqcGc@._V1_.jpg
"The Chronicles of Narnia: The Lion, the Witch and the Wardrobe",https://m.media-amazon.com/images/M/MV5BMTc0NTUwMTU5OV5BMl5BanBnXkFtZTcwNjAwNzQzMw@@._V1_.jpg
The Mask,https://m.media-amazon.com/images/M/MV5BNGNmNjI0ZmMtMzI5MC00ZjUyLWFlZDEtYjUyMGZlN2E3N2E2XkEyXkFqcGc@._V1_.jpg
Despicable Me 2,https://m.media-amazon.com/images/M/MV5BZWY0ZTg0YjUtMjNjZi00NzEwLWIxMTEtYzIzYTBlOTFjN2E5XkEyXkFqcGc@._V1_.jpg
The Equalizer,https://m.media-amazon.com/images/M/MV5BMTQ2MzE2NTk0NF5BMl5BanBnXkFtZTgwOTM3NTk1MjE@._V1_.jpg
Transformers: Revenge of the Fallen,https://m.media-amazon.com/images/M/MV5BNjk4OTczOTk0NF5BMl5BanBnXkFtZTcwNjQ0NzMzMw@@._V1_.jpg
Midsommar,https://m.media-amazon.com/images/M/MV5BMzQxNzQzOTQwM15BMl5BanBnXkFtZTgwMDQ2NTcwODM@._V1_.jpg
The Godfather Part III,https://m.media-amazon.com/images/M/MV5BMDVjODgzNTEtNjBiNS00ODBjLWEwZjUtMDljZTFhOTA4M2MxXkEyXkFqcGc@._V1_.jpg
Black Hawk Down,https://m.media-amazon.com/images/M/MV5BYmY0OTc3ZjItOWEwMC00OTQ0LWI4NjEtNGIzNWUxNjY4MjBiXkEyXkFqcGc@._V1_.jpg
The Menu,https://m.media-amazon.com/images/M/MV5BMDIwMDY4ZTYtMzY4Ny00YTYwLWIxMjgtODM3NGIzNzQ5OTkzXkEyXkFqcGc@._V1_.jpg
The Fast and the Furious,https://m.media-amazon.com/images/M/MV5BNDA2MjJkZTgtNGQ3Ni00ZWJiLTgwNjctYjU4ZTMyNzU3ZjBlXkEyXkFqcGc@._V1_.jpg
Spider-Man: Across the Spider-Verse,https://m.media-amazon.com/images/M/MV5BNThiZjA3MjItZGY5Ni00ZmJhLWEwN2EtOTBlYTA4Y2E0M2ZmXkEyXkFqcGc@._V1_.jpg
A Star Is Born,https://m.media-amazon.com/images/M/MV5BMjkxOTQ3MzMtYWYxNC00MGEwLTg4YjUtMTQzNDI0NThkMGVjXkEyXkFqcGc@._V1_.jpg
Cloverfield,https://m.media-amazon.com/images/M/MV5BNDQwZDIwNTQtYTNmZi00NGQzLTgxNzktY2M2NWRkMDQ3NWZmXkEyXkFqcGc@._V1_.jpg
Easy A,https://m.media-amazon.com/images/M/MV5BMjE1MzU1Mjg1OF5BMl5BanBnXkFtZTcwNDc3NDQ2Mw@@._V1_.jpg
Live Free or Die Hard,https://m.media-amazon.com/images/M/MV5BNDQxMDE1OTg4NV5BMl5BanBnXkFtZTcwMTMzOTQzMw@@._V1_.jpg
Monty Python's Life of Brian,https://m.media-amazon.com/images/M/MV5BNDMzY2E4NjEtMTJiZC00Y2UzLWFiM2MtZWVhNTg5OGQxNjk1XkEyXkFqcGc@._V1_.jpg
The Suicide Squad,https://m.media-amazon.com/images/M/MV5BMWU3Y2NlZmEtMjJjNS00ZWMxLWE1MzctYWYyMjMzMDdkNTE4XkEyXkFqcGc@._V1_.jpg
The Town,https://m.media-amazon.com/images/M/MV5BMTcyNzcxODg3Nl5BMl5BanBnXkFtZTcwMTUyNjQ3Mw@@._V1_.jpg
Terminator 3: Rise of the Machines,https://m.media-amazon.com/images/M/MV5BMTk5NzM1ODgyN15BMl5BanBnXkFtZTcwMzA5MjAzMw@@._V1_.jpg
The Gentlemen,https://m.media-amazon.com/images/M/MV5BMzBkODZhOWMtYzIwMC00ZWE5LTg4MjUtM2M4YTYwYjJjNDMyXkEyXkFqcGc@._V1_.jpg
The Machinist,https://m.media-amazon.com/images/M/MV5BNzdlODdkODEtNTllMy00MTZjLTlhODMtYWQ4ODE5ZDNiMmMxXkEyXkFqcGc@._V1_.jpg
Fast & Furious 6,https://m.media-amazon.com/images/M/MV5BMTM3NTg2NDQzOF5BMl5BanBnXkFtZTcwNjc2NzQzOQ@@._V1_.jpg
Home Alone 2: Lost in New York,https://m.media-amazon.com/images/M/MV5BOGEyYzRmNzYtYzJjZi00ZjhlLWJiNDktYzZhNTgxMzc1NThlXkEyXkFqcGc@._V1_.jpg
Dumb and Dumber,https://m.media-amazon.com/images/M/MV5BYTQxZmNhNTgtZjBlOC00MWQ0LThkOTktNzMyNDBlZDg4ZmJjXkEyXkFqcGc@._V1_.jpg
Thor: Love and Thunder,https://m.media-amazon.com/images/M/MV5BZjRiMDhiZjQtNjk5Yi00ZDcwLTkyYTEtMDc1NjdmNjFhNGIzXkEyXkFqcGc@._V1_.jpg
Furious 7,https://m.media-amazon.com/images/M/MV5BMTQxOTA2NDUzOV5BMl5BanBnXkFtZTgwNzY2MTMxMzE@._V1_.jpg
The Lives of Others,https://m.media-amazon.com/images/M/MV5BYjM1N2Q0YWEtN2E5MC00NDM3LTk2NTEtMTc1NTk5OTA5ZGIzXkEyXkFqcGc@._V1_.jpg
Ocean's Twelve,https://m.media-amazon.com/images/M/MV5BNjgxNjY3ODEtMTZhOC00NjgyLTg4YTAtZjA4ZDI2MDQ4OGJmXkEyXkFqcGc@._V1_.jpg
Mission: Impossible - Rogue Nation,https://m.media-amazon.com/images/M/MV5BNTdhNmQzYzUtYmQ5Zi00ZjhlLTlmNjEtYTY2MTYxY2U3NjgyXkEyXkFqcGc@._V1_.jpg
22 Jump Street,https://m.media-amazon.com/images/M/MV5BMTcwNzAxMDU1M15BMl5BanBnXkFtZTgwNDE2NTU1MTE@._V1_.jpg
Die Hard with a Vengeance,https://m.media-amazon.com/images/M/MV5BYjkzNzdkMTctNzMwMS00M2Q0LWIyOTMtNmM2NDY5NWZjNTJlXkEyXkFqcGc@._V1_.jpg
Wanted,https://m.media-amazon.com/images/M/MV5BMTQwNDM2MTMwMl5BMl5BanBnXkFtZTgwMjE4NjQxMTE@._V1_.jpg
Fast Five,https://m.media-amazon.com/images/M/MV5BMTUxNTk5MTE0OF5BMl5BanBnXkFtZTcwMjA2NzY3NA@@._V1_.jpg
The Devil's Advocate,https://m.media-amazon.com/images/M/MV5BNjk2MGQwOTUtNmVmMi00MTQyLThlMjQtMzQyMzczMzhmZTVjXkEyXkFqcGc@._V1_.jpg
Batman,https://m.media-amazon.com/images/M/MV5BYzZmZWViM2EtNzhlMi00NzBlLWE0MWEtZDFjMjk3YjIyNTBhXkEyXkFqcGc@._V1_.jpg
Men in Black II,https://m.media-amazon.com/images/M/MV5BMTMxNDA0NTMxMV5BMl5BanBnXkFtZTYwMDE2NzY2._V1_.jpg
Guardians of the Galaxy Vol. 3,https://m.media-amazon.com/images/M/MV5BOTJhOTMxMmItZmE0Ny00MDc3LWEzOGEtOGFkMzY4MWYyZDQ0XkEyXkFqcGc@._V1_.jpg
The Fault in Our Stars,https://m.media-amazon.com/images/M/MV5BYTA4ODg5YWUtYmZiYy00Y2M4LWE0NjEtODE5MzhkYmJmZGEwXkEyXkFqcGc@._V1_.jpg
Face/Off,https://m.media-amazon.com/images/M/MV5BNWY4Y2E4ZjUtYTQwZC00MDdlLWJiYjctMzRkNDM5YmJhMDNiXkEyXkFqcGc@._V1_.jpg
127 Hours,https://m.media-amazon.com/images/M/MV5BMTc2NjMzOTE3Ml5BMl5BanBnXkFtZTcwMDE0OTc5Mw@@._V1_.jpg
Scream,https://m.media-amazon.com/images/M/MV5BMjA2NjU5MTg5OF5BMl5BanBnXkFtZTgwOTkyMzQxMDE@._V1_.jpg
Maleficent,https://m.media-amazon.com/images/M/MV5BMjAwMzAzMzExOF5BMl5BanBnXkFtZTgwOTcwMDA5MTE@._V1_.jpg
10 Things I Hate About You,https://m.media-amazon.com/images/M/MV5BOTQwYmRhNGQtODI2Mi00ZTRlLTk0Y2QtY2NkNjE1MGNhNTgwXkEyXkFqcGc@._V1_.jpg
Hereditary,https://m.media-amazon.com/images/M/MV5BNTEyZGQwODctYWJjZi00NjFmLTg3YmEtMzlhNjljOGZhMWMyXkEyXkFqcGc@._V1_.jpg
Inside Man,https://m.media-amazon.com/images/M/MV5BNzJkM2FlYWMtOTA1NC00M2JkLWI3ODEtZjBjYmViNDkzODljXkEyXkFqcGc@._V1_.jpg
2012,https://m.media-amazon.com/images/M/MV5BMTUxMDU2MTU5Nl5BMl5BanBnXkFtZTcwMDcwMTI5Mg@@._V1_.jpg
About Time,https://m.media-amazon.com/images/M/MV5BMTA1ODUzMDA3NzFeQTJeQWpwZ15BbWU3MDgxMTYxNTk@._V1_.jpg
The Others,https://m.media-amazon.com/images/M/MV5BZTNhODBkODAtNDllYy00YTg1LWJmNDUtYjgzMzEzOWQ0YWNjXkEyXkFqcGc@._V1_.jpg
Friends with Benefits,https://m.media-amazon.com/images/M/MV5BMTQ2MzQ0NTk4N15BMl5BanBnXkFtZTcwMDc2NDYzNQ@@._V1_.jpg
Moana,https://m.media-amazon.com/images/M/MV5BMjI4MzU5NTExNF5BMl5BanBnXkFtZTgwNzY1MTEwMDI@._V1_.jpg
Monsters University,https://m.media-amazon.com/images/M/MV5BMTUyODgwMDU3M15BMl5BanBnXkFtZTcwOTM4MjcxOQ@@._V1_.jpg
Speed,https://m.media-amazon.com/images/M/MV5BMDc2ODI5YWQtMmM2ZS00MTdmLWEyNWEtNmRmOGE5NGZlYWMzXkEyXkFqcGc@._V1_.jpg
Bird Box,https://m.media-amazon.com/images/M/MV5BMjAzMTI1MjMyN15BMl5BanBnXkFtZTgwNzU5MTE2NjM@._V1_.jpg
Eternals,https://m.media-amazon.com/images/M/MV5BZTBiZjI2M2UtZTNiNy00NmU4LWJiMjYtZjk4MDIzMzhlMjFlXkEyXkFqcGc@._V1_.jpg
Snowpiercer,https://m.media-amazon.com/images/M/MV5BMTQ3NzA1MTY3MV5BMl5BanBnXkFtZTgwNzE2Mzg5MTE@._V1_.jpg
Soul,https://m.media-amazon.com/images/M/MV5BZTZkYjA5MDEtMjY1ZC00ODk5LThjOTUtZDYxODEzYWNjMTU2XkEyXkFqcGc@._V1_.jpg
Mission: Impossible III,https://m.media-amazon.com/images/M/MV5BM2EzM2JiNTAtNDA2ZC00NjFhLWFiYmUtNDU5Y2U2M2MzZmQwXkEyXkFqcGc@._V1_.jpg
Man on Fire,https://m.media-amazon.com/images/M/MV5BOGI5N2ZiOGMtM2E4ZC00M2E1LTk5ZWEtODFiNDc5ZTQ0NTFlXkEyXkFqcGc@._V1_.jpg
My Neighbor Totoro,https://m.media-amazon.com/images/M/MV5BYWM3MDE3YjEtMzIzZC00ODE5LTgxNTItNmUyMTBkM2M2NmNiXkEyXkFqcGc@._V1_.jpg
Ferris Bueller's Day Off,https://m.media-amazon.com/images/M/MV5BYTE5NTNiZDktYjc0ZC00MmY0LWI0OWQtMTI4NGI1OWJiZGU0XkEyXkFqcGc@._V1_.jpg
Signs,https://m.media-amazon.com/images/M/MV5BMTQ1ODMwMjQzNF5BMl5BanBnXkFtZTYwODM3NzM3._V1_.jpg
Beetlejuice,https://m.media-amazon.com/images/M/MV5BYTQxZTUzOTgtZmU4MC00NTc3LTkyMDMtYzNkYzAwMzc4NWQxXkEyXkFqcGc@._V1_.jpg
The Lego Movie,https://m.media-amazon.com/images/M/MV5BMTg4MDk1ODExN15BMl5BanBnXkFtZTgwNzIyNjg3MDE@._V1_.jpg
Mulholland Drive,https://m.media-amazon.com/images/M/MV5BNjliY2UwMjQtYjVlNi00NzExLTg1MDMtMjE2OTYwYjI0NTcxXkEyXkFqcGc@._V1_.jpg
Men in Black³,https://m.media-amazon.com/images/M/MV5BMTU2NTYxODcwMF5BMl5BanBnXkFtZTcwNDk1NDY0Nw@@._V1_.jpg
Brokeback Mountain,https://m.media-amazon.com/images/M/MV5BMzM4OWFjMTMtZjNjOS00YmU3LTlhY2MtNjFiMTVkN2Y1OTZlXkEyXkFqcGc@._V1_.jpg
The Fighter,https://m.media-amazon.com/images/M/MV5BMTM0ODk3MjM1MV5BMl5BanBnXkFtZTcwNzc1MDIwNA@@._V1_.jpg
The Italian Job,https://m.media-amazon.com/images/M/MV5BYzY1MmZiMTgtM2U1NS00ZDExLTlmNDktOGVmODc2MmIwNTdhXkEyXkFqcGc@._V1_.jpg
